Card,Set,Quantity,Average (€),Market (€),Condition,Language,Foil,Signed,ProductType
Vampiric Tutor,Visions,1,41.41,39.66,EXC,en,No,No,print
Unsummon,Beta Edition,1,12.97,13.74,NM,en,No,No,print
Underground Sea,Revised Edition,1,568.11,507.5,NM,en,No,No,print
Tundra,Revised Edition,1,333.65,345,NM,en,No,No,print
Triskelion,Antiquities,1,131.71,124.9,NM,en,No,No,print
Terror,Beta Edition,1,29.98,36,NM,en,No,No,print
Swords to Plowshares,Unlimited Edition,2,48.89,57.45,NM,en,No,No,print
Swamp (C),Beta Edition,1,23.83,39.99,NM,en,No,No,print
Strip Mine (Uneven Horizon),Antiquities,1,38.79,33.19,NM,en,No,No,print
Strip Mine (Tower),Antiquities,1,24.67,21.37,NM,en,No,No,print
Sol Ring,Unlimited Edition,1,56.68,52.9,EXC,en,No,No,print
Sol Ring,Beta Edition,1,582.02,456.78,FIN,en,No,No,print
Sinkhole,Unlimited Edition,2,18.49,15.99,NM,en,No,No,print
Serendib Efreet,Revised Edition (Foreign Black Border),1,71.31,100.54,NM,it,No,No,print
Serendib Efreet,Revised Edition (Foreign Black Border),1,71.31,100.54,NM,en,No,No,print
Serendib Efreet,Revised Edition,4,4.82,5.14,NM,en,No,No,print
Sengir Vampire,Fourth Edition (Foreign Black Border),1,0.39,0.29,EXC,es,No,No,print
Sengir Vampire,Unlimited Edition,1,15.08,18.62,NM,en,No,No,print
Sengir Vampire,Beta Edition,1,100,100,FIN,en,No,No,print
Scrubland,Revised Edition,1,239.99,202.5,EXC,en,No,No,print
Scrubland,Revised Edition,1,239.99,202.5,EXC,it,No,No,print
Royal Assassin,Revised Edition,2,6.33,3.5,NM,en,No,No,print
Reanimate,Tempest,1,14.31,14.24,NM,en,No,No,print
Psionic Blast,Beta Edition,2,149.3,150,NM,en,No,No,print
Psionic Blast,Beta Edition,1,149.3,150,EXC,en,No,Yes,print
Prodigal Sorcerer,Beta Edition,1,12.76,14.49,NM,en,No,No,print
Power Sink,Beta Edition,1,12.94,11.86,NM,en,No,No,print
Polluted Delta,Onslaught,1,48.67,43.5,EXC,en,No,No,print
Pestilence,Beta Edition,1,14.81,18,NM,en,No,No,print
Palinchron,Urza's Legacy,1,22.23,16,EXC,en,No,No,print
Oubliette,Arabian Nights,3,22.56,22.71,NM,en,No,No,print
Nevinyrral's Disk,Fourth Edition (Foreign Black Border),1,3.04,1.45,NM,en,No,No,print
Necropotence,Ice Age,1,20.92,32.93,EXC,en,No,No,print
Mox Jet (IE),International Edition,1,566.62,499.9,NM,en,No,No,print
"Mishra's Factory (Italian) - ""Fabbrica di Mishra""",Renaissance,4,12.49,24.99,NM,en,No,No,print
Mind Twist,Revised Edition (Foreign Black Border),1,34.5,45,NM,it,No,No,print
Memory Jar,Urza's Legacy,1,20.35,205,EXC,en,Yes,No,print
Maze of Ith,The Dark,1,24.08,27.65,EXC,en,No,No,print
Mana Vault,Revised Edition,1,50.54,53.35,EXC,en,No,No,print
Mana Leak,Stronghold,1,1.81,1.28,M,fr,No,No,print
Mana Drain,Legends,2,139.3,89.99,EXC,en,No,No,print
Mahamoti Djinn,Unlimited Edition,1,44.99,44.98,EXC,en,No,No,print
Mahamoti Djinn,Fourth Edition,1,0.66,0.4,NM,en,No,No,print
Lim-Dul's Vault,Alliances,1,3.43,3.22,EXC,en,No,No,print
Laquatus's Champion,Torment,1,8.58,29,NM,en,Yes,No,print
Lake of the Dead,Alliances,1,64.02,62.75,EXC,en,No,No,print
Jalum Tome,Antiquities,1,5.45,2,NM,en,No,No,print
Island (A),Beta Edition,1,37.59,20,NM,en,No,No,print
Imprison,Legends,1,74.65,69.99,NM,en,No,No,print
Icy Manipulator,Unlimited Edition,1,94.08,81.98,M,en,No,No,print
Hypnotic Specter,Unlimited Edition,3,52.46,69.97,NM,en,No,No,print
Hypnotic Specter,Revised Edition,1,3.59,4.99,NM,en,No,No,print
Hymn to Tourach (Circle),Fallen Empires,1,1.16,1.37,NM,en,No,No,print
Howling Mine,Unlimited Edition,1,66.04,72.45,EXC,en,No,No,print
Force of Will,Alliances,1,54.86,50.62,EXC,en,No,No,print
Entomb,Odyssey,1,16.34,13,EXC,en,No,No,print
Ensnaring Bridge,Stronghold,1,12.69,13.99,NM,en,No,No,print
Ebon Stronghold,Fallen Empires,1,0.72,0.49,EXC,en,No,No,print
Doomsday,Weatherlight,1,8.79,5.99,EXC,en,No,No,print
Disenchant,Beta Edition,1,38.74,35,EXC,en,No,No,print
Disenchant,Beta Edition,1,38.74,35,GD,en,No,No,print
Demonic Tutor,Revised Edition,1,34.05,39.57,NM,en,No,No,print
Counterspell,Revised Edition,2,4.97,6.49,NM,en,No,No,print
Counterspell,Beta Edition,1,543.32,415,FIN,en,No,No,print
Copy Artifact,Revised Edition,1,47.32,42.44,NM,en,No,No,print
Control Magic,Unlimited Edition,1,8.66,11.95,NM,en,No,No,print
"City of Brass (Italian) - ""Citta d'Ottone""",Renaissance,1,58.72,71.33,NM,en,No,No,print
City of Brass,Chronicles,1,20.62,17.97,NM,en,No,No,print
Cabal Ritual,Torment,1,7.97,7.53,NM,en,No,No,print
Bribery,Mercadian Masques,1,6.97,6.5,EXC,en,No,No,print
Black Knight,Fourth Edition (Foreign Black Border),1,0.46,0.22,NM,es,No,No,print
Balance,Unlimited Edition,1,75.48,84,PR,en,No,No,print
Arcbound Ravager,Darksteel,1,32.55,8,NM,en,Yes,No,print
Animate Dead,Unlimited Edition,1,25.04,19.68,NM,en,No,No,print
Ancient Tomb,Tempest,1,78.22,74.77,EXC,en,No,No,print