Rank,Card Name,Set,Buy Price (EUR),Trend Price (EUR),Discount (%),Recent Sales (AVG7),Direct URL,Search URL,Card ID
1,Imprison,Legends,51.70,229.02,77.4%,241.56,https://www.cardmarket.com/en/Magic/Products/Singles/Legends/Imprison,https://www.cardmarket.com/en/Magic/Products/Singles?searchMode=v1&idCategory=1&idExpansion=0&searchString=Imprison,6993
2,Power Surge,Beta,67.10,212.40,68.4%,167.75,https://www.cardmarket.com/en/Magic/Products/Singles/Beta/Power-Surge,https://www.cardmarket.com/en/Magic/Products/Singles?searchMode=v1&idCategory=1&idExpansion=0&searchString=Power%20Surge,4962
3,Pirate Ship,Beta,77.00,243.16,68.3%,202.50,https://www.cardmarket.com/en/Magic/Products/Singles/Beta/Pirate-Ship,https://www.cardmarket.com/en/Magic/Products/Singles?searchMode=v1&idCategory=1&idExpansion=0&searchString=Pirate%20Ship,4768
4,Island Sanctuary,Beta,71.69,212.78,66.3%,199.23,https://www.cardmarket.com/en/Magic/Products/Singles/Beta/Island-Sanctuary,https://www.cardmarket.com/en/Magic/Products/Singles?searchMode=v1&idCategory=1&idExpansion=0&searchString=Island%20Sanctuary,5046
5,Chaoslace,30th Anniversary Edition,109.99,300.00,63.3%,300.00,https://www.cardmarket.com/en/Magic/Products/Singles/30th-Anniversary-Edition/Chaoslace,https://www.cardmarket.com/en/Magic/Products/Singles?searchMode=v1&idCategory=1&idExpansion=0&searchString=Chaoslace,685874
6,Fire Elemental,Alpha,60.48,155.91,61.2%,139.28,https://www.cardmarket.com/en/Magic/Products/Singles/Alpha/Fire-Elemental,https://www.cardmarket.com/en/Magic/Products/Singles?searchMode=v1&idCategory=1&idExpansion=0&searchString=Fire%20Elemental,5382
7,Animate Dead,Beta,109.97,281.02,60.9%,275.00,https://www.cardmarket.com/en/Magic/Products/Singles/Beta/Animate-Dead,https://www.cardmarket.com/en/Magic/Products/Singles?searchMode=v1&idCategory=1&idExpansion=0&searchString=Animate%20Dead,4628
8,Sleight of Mind,Beta,87.89,220.06,60.1%,230.17,https://www.cardmarket.com/en/Magic/Products/Singles/Beta/Sleight-Of-Mind,https://www.cardmarket.com/en/Magic/Products/Singles?searchMode=v1&idCategory=1&idExpansion=0&searchString=Sleight%20of%20Mind,4784
9,Ivory Cup,Summer Magic,110.00,264.13,58.4%,132.12,https://www.cardmarket.com/en/Magic/Products/Singles/Summer-Magic/Ivory-Cup,https://www.cardmarket.com/en/Magic/Products/Singles?searchMode=v1&idCategory=1&idExpansion=0&searchString=Ivory%20Cup,16896
10,Mana Vault,30th Anniversary Edition,104.50,250.00,58.2%,250.00,https://www.cardmarket.com/en/Magic/Products/Singles/30th-Anniversary-Edition/Mana-Vault,https://www.cardmarket.com/en/Magic/Products/Singles?searchMode=v1&idCategory=1&idExpansion=0&searchString=Mana%20Vault,685994
