[
  {
    "name": "Ancestral Recall",
    "sets": ["Limited Edition"],
    "notes": "Reserved List - Power Nine"
  },
  {
    "name": "Badlands",
    "sets": ["Limited Edition"],
    "notes": "Reserved List - Original dual land"
  },
  {
    "name": "Bayou",
    "sets": ["Limited Edition"],
    "notes": "Reserved List - Original dual land"
  },
  {
    "name": "Black Lotus",
    "sets": ["Limited Edition"],
    "notes": "Reserved List - Power Nine"
  },
  {
    "name": "Blaze of Glory",
    "sets": ["Limited Edition"],
    "notes": "Reserved List"
  },
  {
    "name": "Braingeyser",
    "sets": ["Limited Edition"],
    "notes": "Reserved List"
  },
  {
    "name": "Chaos Orb",
    "sets": ["Limited Edition"],
    "notes": "Reserved List - Banned in most formats"
  },
  {
    "name": "Contract from Below",
    "sets": ["Limited Edition"],
    "notes": "Reserved List - Ante card"
  },
  {
    "name": "Copy Artifact",
    "sets": ["Limited Edition"],
    "notes": "Reserved List"
  },
  {
    "name": "Cyclopean Tomb",
    "sets": ["Limited Edition"],
    "notes": "Reserved List"
  },
  {
    "name": "Darkpact",
    "sets": ["Limited Edition"],
    "notes": "Reserved List"
  },
  {
    "name": "Demonic Attorney",
    "sets": ["Limited Edition"],
    "notes": "Reserved List - Ante card"
  },
  {
    "name": "Demonic Hordes",
    "sets": ["Limited Edition"],
    "notes": "Reserved List"
  },
  {
    "name": "Farmstead",
    "sets": ["Limited Edition"],
    "notes": "Reserved List"
  },
  {
    "name": "Fastbond",
    "sets": ["Limited Edition"],
    "notes": "Reserved List - Vintage restricted"
  },
  {
    "name": "Forcefield",
    "sets": ["Limited Edition"],
    "notes": "Reserved List"
  },
  {
    "name": "Fork",
    "sets": ["Limited Edition"],
    "notes": "Reserved List"
  },
  {
    "name": "Gauntlet of Might",
    "sets": ["Limited Edition"],
    "notes": "Reserved List"
  },
  {
    "name": "Granite Gargoyle",
    "sets": ["Limited Edition"],
    "notes": "Reserved List"
  },
  {
    "name": "Illusionary Mask",
    "sets": ["Limited Edition"],
    "notes": "Reserved List"
  },
  {
    "name": "Kudzu",
    "sets": ["Limited Edition"],
    "notes": "Reserved List"
  },
  {
    "name": "Lich",
    "sets": ["Limited Edition"],
    "notes": "Reserved List"
  },
  {
    "name": "Mox Emerald",
    "sets": ["Limited Edition"],
    "notes": "Reserved List - Power Nine"
  },
  {
    "name": "Mox Jet",
    "sets": ["Limited Edition"],
    "notes": "Reserved List - Power Nine"
  },
  {
    "name": "Mox Pearl",
    "sets": ["Limited Edition"],
    "notes": "Reserved List - Power Nine"
  },
  {
    "name": "Mox Ruby",
    "sets": ["Limited Edition"],
    "notes": "Reserved List - Power Nine"
  },
  {
    "name": "Mox Sapphire",
    "sets": ["Limited Edition"],
    "notes": "Reserved List - Power Nine"
  },
  {
    "name": "Natural Selection",
    "sets": ["Limited Edition"],
    "notes": "Reserved List"
  },
  {
    "name": "Plateau",
    "sets": ["Limited Edition"],
    "notes": "Reserved List - Original dual land"
  },
  {
    "name": "Raging River",
    "sets": ["Limited Edition"],
    "notes": "Reserved List"
  },
  {
    "name": "Roc of Kher Ridges",
    "sets": ["Limited Edition"],
    "notes": "Reserved List"
  },
  {
    "name": "Rock Hydra",
    "sets": ["Limited Edition"],
    "notes": "Reserved List"
  },
  {
    "name": "Savannah",
    "sets": ["Limited Edition"],
    "notes": "Reserved List - Original dual land"
  },
  {
    "name": "Scrubland",
    "sets": ["Limited Edition"],
    "notes": "Reserved List - Original dual land"
  },
  {
    "name": "Sedge Troll",
    "sets": ["Limited Edition"],
    "notes": "Reserved List"
  },
  {
    "name": "Taiga",
    "sets": ["Limited Edition"],
    "notes": "Reserved List - Original dual land"
  },
  {
    "name": "Time Vault",
    "sets": ["Limited Edition"],
    "notes": "Reserved List - Vintage restricted"
  },
  {
    "name": "Time Walk",
    "sets": ["Limited Edition"],
    "notes": "Reserved List - Power Nine"
  },
  {
    "name": "Timetwister",
    "sets": ["Limited Edition"],
    "notes": "Reserved List - Power Nine"
  },
  {
    "name": "Tropical Island",
    "sets": ["Limited Edition"],
    "notes": "Reserved List - Original dual land"
  },
  {
    "name": "Tundra",
    "sets": ["Limited Edition"],
    "notes": "Reserved List - Original dual land"
  },
  {
    "name": "Two-Headed Giant of Foriys",
    "sets": ["Limited Edition"],
    "notes": "Reserved List"
  },
  {
    "name": "Underground Sea",
    "sets": ["Limited Edition"],
    "notes": "Reserved List - Original dual land"
  },
  {
    "name": "Vesuvan Doppelganger",
    "sets": ["Limited Edition"],
    "notes": "Reserved List"
  },
  {
    "name": "Veteran Bodyguard",
    "sets": ["Limited Edition"],
    "notes": "Reserved List"
  },
  {
    "name": "Volcanic Island",
    "sets": ["Limited Edition"],
    "notes": "Reserved List - Original dual land"
  },
  {
    "name": "Wheel of Fortune",
    "sets": ["Limited Edition"],
    "notes": "Reserved List - Vintage restricted"
  },
  {
    "name": "Word of Command",
    "sets": ["Limited Edition"],
    "notes": "Reserved List"
  },
  {
    "name": "Ali from Cairo",
    "sets": ["Arabian Nights"],
    "notes": "Reserved List"
  },
  {
    "name": "Bazaar of Baghdad",
    "sets": ["Arabian Nights"],
    "notes": "Reserved List - Vintage staple"
  },
  {
    "name": "City in a Bottle",
    "sets": ["Arabian Nights"],
    "notes": "Reserved List"
  },
  {
    "name": "Diamond Valley",
    "sets": ["Arabian Nights"],
    "notes": "Reserved List"
  },
  {
    "name": "Drop of Honey",
    "sets": ["Arabian Nights"],
    "notes": "Reserved List"
  },
  {
    "name": "Elephant Graveyard",
    "sets": ["Arabian Nights"],
    "notes": "Reserved List"
  },
  {
    "name": "Guardian Beast",
    "sets": ["Arabian Nights"],
    "notes": "Reserved List - Vintage playable"
  },
  {
    "name": "Ifh-Bíff Efreet",
    "sets": ["Arabian Nights"],
    "notes": "Reserved List"
  },
  {
    "name": "Island of Wak-Wak",
    "sets": ["Arabian Nights"],
    "notes": "Reserved List"
  },
  {
    "name": "Jihad",
    "sets": ["Arabian Nights"],
    "notes": "Reserved List - Banned for offensive content"
  },
  {
    "name": "Juzám Djinn",
    "sets": ["Arabian Nights"],
    "notes": "Reserved List - Iconic creature"
  },
  {
    "name": "Khabál Ghoul",
    "sets": ["Arabian Nights"],
    "notes": "Reserved List"
  },
  {
    "name": "King Suleiman",
    "sets": ["Arabian Nights"],
    "notes": "Reserved List"
  },
  {
    "name": "Library of Alexandria",
    "sets": ["Arabian Nights"],
    "notes": "Reserved List - Vintage restricted"
  },
  {
    "name": "Merchant Ship",
    "sets": ["Arabian Nights"],
    "notes": "Reserved List"
  },
  {
    "name": "Old Man of the Sea",
    "sets": ["Arabian Nights"],
    "notes": "Reserved List"
  },
  {
    "name": "Pyramids",
    "sets": ["Arabian Nights"],
    "notes": "Reserved List"
  },
  {
    "name": "Ring of Ma'rûf",
    "sets": ["Arabian Nights"],
    "notes": "Reserved List"
  },
  {
    "name": "Sandals of Abdallah",
    "sets": ["Arabian Nights"],
    "notes": "Reserved List"
  },
  {
    "name": "Serendib Djinn",
    "sets": ["Arabian Nights"],
    "notes": "Reserved List"
  },
  {
    "name": "Shahrazad",
    "sets": ["Arabian Nights"],
    "notes": "Reserved List - Banned in all formats"
  },
  {
    "name": "Singing Tree",
    "sets": ["Arabian Nights"],
    "notes": "Reserved List"
  },
  {
    "name": "Argivian Archaeologist",
    "sets": ["Antiquities"],
    "notes": "Reserved List"
  },
  {
    "name": "Candelabra of Tawnos",
    "sets": ["Antiquities"],
    "notes": "Reserved List - High Tide combo piece"
  },
  {
    "name": "Citanul Druid",
    "sets": ["Antiquities"],
    "notes": "Reserved List"
  },
  {
    "name": "Damping Field",
    "sets": ["Antiquities"],
    "notes": "Reserved List"
  },
  {
    "name": "Gaea's Avenger",
    "sets": ["Antiquities"],
    "notes": "Reserved List"
  },
  {
    "name": "Gate to Phyrexia",
    "sets": ["Antiquities"],
    "notes": "Reserved List"
  },
  {
    "name": "Golgothian Sylex",
    "sets": ["Antiquities"],
    "notes": "Reserved List"
  },
  {
    "name": "Haunting Wind",
    "sets": ["Antiquities"],
    "notes": "Reserved List"
  },
  {
    "name": "Martyrs of Korlis",
    "sets": ["Antiquities"],
    "notes": "Reserved List"
  },
  {
    "name": "Mightstone",
    "sets": ["Antiquities"],
    "notes": "Reserved List"
  },
  {
    "name": "Mishra's Workshop",
    "sets": ["Antiquities"],
    "notes": "Reserved List - Vintage restricted"
  },
  {
    "name": "Power Artifact",
    "sets": ["Antiquities"],
    "notes": "Reserved List"
  },
  {
    "name": "Powerleech",
    "sets": ["Antiquities"],
    "notes": "Reserved List"
  },
  {
    "name": "Su-Chi",
    "sets": ["Antiquities"],
    "notes": "Reserved List"
  },
  {
    "name": "Tawnos's Coffin",
    "sets": ["Antiquities"],
    "notes": "Reserved List"
  },
  {
    "name": "Transmute Artifact",
    "sets": ["Antiquities"],
    "notes": "Reserved List"
  },
  {
    "name": "Urza's Miter",
    "sets": ["Antiquities"],
    "notes": "Reserved List"
  },
  {
    "name": "Weakstone",
    "sets": ["Antiquities"],
    "notes": "Reserved List"
  },
  {
    "name": "Acid Rain",
    "sets": ["Legends"],
    "notes": "Reserved List"
  },
  {
    "name": "Adun Oakenshield",
    "sets": ["Legends"],
    "notes": "Reserved List - Legendary creature"
  },
  {
    "name": "Al-abara's Carpet",
    "sets": ["Legends"],
    "notes": "Reserved List"
  },
  {
    "name": "Alchor's Tomb",
    "sets": ["Legends"],
    "notes": "Reserved List"
  },
  {
    "name": "All Hallow's Eve",
    "sets": ["Legends"],
    "notes": "Reserved List"
  },
  {
    "name": "Angus Mackenzie",
    "sets": ["Legends"],
    "notes": "Reserved List - Legendary creature"
  },
  {
    "name": "Bartel Runeaxe",
    "sets": ["Legends"],
    "notes": "Reserved List - Legendary creature"
  },
  {
    "name": "Boris Devilboon",
    "sets": ["Legends"],
    "notes": "Reserved List - Legendary creature"
  },
  {
    "name": "Caverns of Despair",
    "sets": ["Legends"],
    "notes": "Reserved List"
  },
  {
    "name": "Chains of Mephistopheles",
    "sets": ["Legends"],
    "notes": "Reserved List - Vintage staple"
  },
  {
    "name": "Cleanse",
    "sets": ["Legends"],
    "notes": "Reserved List"
  },
  {
    "name": "Disharmony",
    "sets": ["Legends"],
    "notes": "Reserved List"
  },
  {
    "name": "Divine Intervention",
    "sets": ["Legends"],
    "notes": "Reserved List"
  },
  {
    "name": "Elder Spawn",
    "sets": ["Legends"],
    "notes": "Reserved List"
  },
  {
    "name": "Eureka",
    "sets": ["Legends"],
    "notes": "Reserved List - Legacy banned"
  },
  {
    "name": "Falling Star",
    "sets": ["Legends"],
    "notes": "Reserved List - Banned in most formats"
  },
  {
    "name": "Field of Dreams",
    "sets": ["Legends"],
    "notes": "Reserved List"
  },
  {
    "name": "Firestorm Phoenix",
    "sets": ["Legends"],
    "notes": "Reserved List"
  },
  {
    "name": "Forethought Amulet",
    "sets": ["Legends"],
    "notes": "Reserved List"
  },
  {
    "name": "Gosta Dirk",
    "sets": ["Legends"],
    "notes": "Reserved List"
  },
  {
    "name": "Gravity Sphere",
    "sets": ["Legends"],
    "notes": "Reserved List"
  },
  {
    "name": "Gwendlyn Di Corci",
    "sets": ["Legends"],
    "notes": "Reserved List - Legendary creature"
  },
  {
    "name": "Halfdane",
    "sets": ["Legends"],
    "notes": "Reserved List"
  },
  {
    "name": "Hazezon Tamar",
    "sets": ["Legends"],
    "notes": "Reserved List - Legendary creature"
  },
  {
    "name": "Hellfire",
    "sets": ["Legends"],
    "notes": "Reserved List"
  },
  {
    "name": "Imprison",
    "sets": ["Legends"],
    "notes": "Reserved List"
  },
  {
    "name": "In the Eye of Chaos",
    "sets": ["Legends"],
    "notes": "Reserved List"
  },
  {
    "name": "Infinite Authority",
    "sets": ["Legends"],
    "notes": "Reserved List"
  },
  {
    "name": "Invoke Prejudice",
    "sets": ["Legends"],
    "notes": "Reserved List - Banned for offensive imagery"
  },
  {
    "name": "Jacques le Vert",
    "sets": ["Legends"],
    "notes": "Reserved List - Legendary creature"
  },
  {
    "name": "Jovial Evil",
    "sets": ["Legends"],
    "notes": "Reserved List"
  },
  {
    "name": "Knowledge Vault",
    "sets": ["Legends"],
    "notes": "Reserved List"
  },
  {
    "name": "Kobold Overlord",
    "sets": ["Legends"],
    "notes": "Reserved List"
  },
  {
    "name": "Lady Caleria",
    "sets": ["Legends"],
    "notes": "Reserved List - Legendary creature"
  },
  {
    "name": "Lady Evangela",
    "sets": ["Legends"],
    "notes": "Reserved List - Legendary creature"
  },
  {
    "name": "Land Equilibrium",
    "sets": ["Legends"],
    "notes": "Reserved List"
  },
  {
    "name": "Life Matrix",
    "sets": ["Legends"],
    "notes": "Reserved List"
  },
  {
    "name": "Lifeblood",
    "sets": ["Legends"],
    "notes": "Reserved List"
  },
  {
    "name": "Living Plane",
    "sets": ["Legends"],
    "notes": "Reserved List"
  },
  {
    "name": "Livonya Silone",
    "sets": ["Legends"],
    "notes": "Reserved List"
  },
  {
    "name": "Mana Matrix",
    "sets": ["Legends"],
    "notes": "Reserved List"
  },
  {
    "name": "Master of the Hunt",
    "sets": ["Legends"],
    "notes": "Reserved List"
  },
  {
    "name": "Mirror Universe",
    "sets": ["Legends"],
    "notes": "Reserved List"
  },
  {
    "name": "Moat",
    "sets": ["Legends"],
    "notes": "Reserved List - Legacy staple"
  },
  {
    "name": "Mold Demon",
    "sets": ["Legends"],
    "notes": "Reserved List"
  },
  {
    "name": "Nether Void",
    "sets": ["Legends"],
    "notes": "Reserved List"
  },
  {
    "name": "North Star",
    "sets": ["Legends"],
    "notes": "Reserved List"
  },
  {
    "name": "Nova Pentacle",
    "sets": ["Legends"],
    "notes": "Reserved List"
  },
  {
    "name": "Pixie Queen",
    "sets": ["Legends"],
    "notes": "Reserved List"
  },
  {
    "name": "Planar Gate",
    "sets": ["Legends"],
    "notes": "Reserved List"
  },
  {
    "name": "Quarum Trench Gnomes",
    "sets": ["Legends"],
    "notes": "Reserved List"
  },
  {
    "name": "Ragnar",
    "sets": ["Legends"],
    "notes": "Reserved List - Legendary creature"
  },
  {
    "name": "Ramses Overdark",
    "sets": ["Legends"],
    "notes": "Reserved List"
  },
  {
    "name": "Rapid Fire",
    "sets": ["Legends"],
    "notes": "Reserved List"
  },
  {
    "name": "Rasputin Dreamweaver",
    "sets": ["Legends"],
    "notes": "Reserved List - Legendary creature"
  },
  {
    "name": "Reverberation",
    "sets": ["Legends"],
    "notes": "Reserved List"
  },
  {
    "name": "Ring of Immortals",
    "sets": ["Legends"],
    "notes": "Reserved List"
  },
  {
    "name": "Rohgahh of Kher Keep",
    "sets": ["Legends"],
    "notes": "Reserved List - Legendary creature"
  },
  {
    "name": "Spinal Villain",
    "sets": ["Legends"],
    "notes": "Reserved List"
  },
  {
    "name": "Spiritual Sanctuary",
    "sets": ["Legends"],
    "notes": "Reserved List"
  },
  {
    "name": "Storm World",
    "sets": ["Legends"],
    "notes": "Reserved List"
  },
  {
    "name": "Sword of the Ages",
    "sets": ["Legends"],
    "notes": "Reserved List"
  },
  {
    "name": "Telekinesis",
    "sets": ["Legends"],
    "notes": "Reserved List"
  },
  {
    "name": "Tetsuo Umezawa",
    "sets": ["Legends"],
    "notes": "Reserved List"
  },
  {
    "name": "The Abyss",
    "sets": ["Legends"],
    "notes": "Reserved List"
  },
  {
    "name": "The Tabernacle at Pendrell Vale",
    "sets": ["Legends"],
    "notes": "Reserved List - Legacy staple"
  },
  {
    "name": "Thunder Spirit",
    "sets": ["Legends"],
    "notes": "Reserved List"
  },
  {
    "name": "Tuknir Deathlock",
    "sets": ["Legends"],
    "notes": "Reserved List - Legendary creature"
  },
  {
    "name": "Typhoon",
    "sets": ["Legends"],
    "notes": "Reserved List"
  },
  {
    "name": "Ur-Drago",
    "sets": ["Legends"],
    "notes": "Reserved List - Legendary creature"
  },
  {
    "name": "Willow Satyr",
    "sets": ["Legends"],
    "notes": "Reserved List"
  },
  {
    "name": "Wood Elemental",
    "sets": ["Legends"],
    "notes": "Reserved List"
  },
  {
    "name": "City of Shadows",
    "sets": ["The Dark"],
    "notes": "Reserved List"
  },
  {
    "name": "Cleansing",
    "sets": ["The Dark"],
    "notes": "Reserved List"
  },
  {
    "name": "Eternal Flame",
    "sets": ["The Dark"],
    "notes": "Reserved List"
  },
  {
    "name": "Exorcist",
    "sets": ["The Dark"],
    "notes": "Reserved List"
  },
  {
    "name": "Frankenstein's Monster",
    "sets": ["The Dark"],
    "notes": "Reserved List"
  },
  {
    "name": "Goblin Wizard",
    "sets": ["The Dark"],
    "notes": "Reserved List"
  },
  {
    "name": "Grave Robbers",
    "sets": ["The Dark"],
    "notes": "Reserved List"
  },
  {
    "name": "Hidden Path",
    "sets": ["The Dark"],
    "notes": "Reserved List"
  },
  {
    "name": "Knights of Thorn",
    "sets": ["The Dark"],
    "notes": "Reserved List"
  },
  {
    "name": "Lurker",
    "sets": ["The Dark"],
    "notes": "Reserved List"
  },
  {
    "name": "Mana Vortex",
    "sets": ["The Dark"],
    "notes": "Reserved List"
  },
  {
    "name": "Martyr's Cry",
    "sets": ["The Dark"],
    "notes": "Reserved List"
  },
  {
    "name": "Nameless Race",
    "sets": ["The Dark"],
    "notes": "Reserved List"
  },
  {
    "name": "Niall Silvain",
    "sets": ["The Dark"],
    "notes": "Reserved List"
  },
  {
    "name": "Preacher",
    "sets": ["The Dark"],
    "notes": "Reserved List"
  },
  {
    "name": "Psychic Allergy",
    "sets": ["The Dark"],
    "notes": "Reserved List"
  },
  {
    "name": "Scarwood Bandits",
    "sets": ["The Dark"],
    "notes": "Reserved List"
  },
  {
    "name": "Season of the Witch",
    "sets": ["The Dark"],
    "notes": "Reserved List"
  },
  {
    "name": "Sorrow's Path",
    "sets": ["The Dark"],
    "notes": "Reserved List"
  },
  {
    "name": "Stone Calendar",
    "sets": ["The Dark"],
    "notes": "Reserved List"
  },
  {
    "name": "Tracker",
    "sets": ["The Dark"],
    "notes": "Reserved List"
  },
  {
    "name": "Worms of the Earth",
    "sets": ["The Dark"],
    "notes": "Reserved List"
  },
  {
    "name": "Wormwood Treefolk",
    "sets": ["The Dark"],
    "notes": "Reserved List"
  },
  {
    "name": "Aeolipile",
    "sets": ["Fallen Empires"],
    "notes": "Reserved List"
  },
  {
    "name": "Balm of Restoration",
    "sets": ["Fallen Empires"],
    "notes": "Reserved List"
  },
  {
    "name": "Conch Horn",
    "sets": ["Fallen Empires"],
    "notes": "Reserved List"
  },
  {
    "name": "Delif's Cube",
    "sets": ["Fallen Empires"],
    "notes": "Reserved List"
  },
  {
    "name": "Draconian Cylix",
    "sets": ["Fallen Empires"],
    "notes": "Reserved List"
  },
  {
    "name": "Dwarven Armorer",
    "sets": ["Fallen Empires"],
    "notes": "Reserved List"
  },
  {
    "name": "Ebon Praetor",
    "sets": ["Fallen Empires"],
    "notes": "Reserved List"
  },
  {
    "name": "Elven Lyre",
    "sets": ["Fallen Empires"],
    "notes": "Reserved List"
  },
  {
    "name": "Elvish Farmer",
    "sets": ["Fallen Empires"],
    "notes": "Reserved List"
  },
  {
    "name": "Fungal Bloom",
    "sets": ["Fallen Empires"],
    "notes": "Reserved List"
  },
  {
    "name": "Goblin Flotilla",
    "sets": ["Fallen Empires"],
    "notes": "Reserved List"
  },
  {
    "name": "Hand of Justice",
    "sets": ["Fallen Empires"],
    "notes": "Reserved List"
  },
  {
    "name": "Homarid Shaman",
    "sets": ["Fallen Empires"],
    "notes": "Reserved List"
  },
  {
    "name": "Icatian Lieutenant",
    "sets": ["Fallen Empires"],
    "notes": "Reserved List"
  },
  {
    "name": "Icatian Skirmishers",
    "sets": ["Fallen Empires"],
    "notes": "Reserved List"
  },
  {
    "name": "Implements of Sacrifice",
    "sets": ["Fallen Empires"],
    "notes": "Reserved List"
  },
  {
    "name": "Rainbow Vale",
    "sets": ["Fallen Empires"],
    "notes": "Reserved List"
  },
  {
    "name": "Ring of Renewal",
    "sets": ["Fallen Empires"],
    "notes": "Reserved List"
  },
  {
    "name": "River Merfolk",
    "sets": ["Fallen Empires"],
    "notes": "Reserved List"
  },
  {
    "name": "Spirit Shield",
    "sets": ["Fallen Empires"],
    "notes": "Reserved List"
  },
  {
    "name": "Thelon's Curse",
    "sets": ["Fallen Empires"],
    "notes": "Reserved List"
  },
  {
    "name": "Thelonite Monk",
    "sets": ["Fallen Empires"],
    "notes": "Reserved List"
  },
  {
    "name": "Thrull Champion",
    "sets": ["Fallen Empires"],
    "notes": "Reserved List"
  },
  {
    "name": "Tourach's Gate",
    "sets": ["Fallen Empires"],
    "notes": "Reserved List"
  },
  {
    "name": "Vodalian Knights",
    "sets": ["Fallen Empires"],
    "notes": "Reserved List"
  },
  {
    "name": "Vodalian War Machine",
    "sets": ["Fallen Empires"],
    "notes": "Reserved List"
  },
  {
    "name": "Zelyon Sword",
    "sets": ["Fallen Empires"],
    "notes": "Reserved List"
  },
  {
    "name": "Aegis of the Meek",
    "sets": ["Ice Age"],
    "notes": "Reserved List"
  },
  {
    "name": "Altar of Bone",
    "sets": ["Ice Age"],
    "notes": "Reserved List"
  },
  {
    "name": "Amulet of Quoz",
    "sets": ["Ice Age"],
    "notes": "Reserved List - Ante card"
  },
  {
    "name": "Balduvian Hydra",
    "sets": ["Ice Age"],
    "notes": "Reserved List"
  },
  {
    "name": "Blizzard",
    "sets": ["Ice Age"],
    "notes": "Reserved List"
  },
  {
    "name": "Brand of Ill Omen",
    "sets": ["Ice Age"],
    "notes": "Reserved List"
  },
  {
    "name": "Call to Arms",
    "sets": ["Ice Age"],
    "notes": "Reserved List"
  },
  {
    "name": "Chromatic Armor",
    "sets": ["Ice Age"],
    "notes": "Reserved List"
  },
  {
    "name": "Earthlink",
    "sets": ["Ice Age"],
    "notes": "Reserved List"
  },
  {
    "name": "Energy Storm",
    "sets": ["Ice Age"],
    "notes": "Reserved List"
  },
  {
    "name": "Flow of Maggots",
    "sets": ["Ice Age"],
    "notes": "Reserved List"
  },
  {
    "name": "Formation",
    "sets": ["Ice Age"],
    "notes": "Reserved List"
  },
  {
    "name": "Fyndhorn Pollen",
    "sets": ["Ice Age"],
    "notes": "Reserved List"
  },
  {
    "name": "General Jarkeld",
    "sets": ["Ice Age"],
    "notes": "Reserved List"
  },
  {
    "name": "Glacial Crevasses",
    "sets": ["Ice Age"],
    "notes": "Reserved List"
  },
  {
    "name": "Gravebind",
    "sets": ["Ice Age"],
    "notes": "Reserved List"
  },
  {
    "name": "Halls of Mist",
    "sets": ["Ice Age"],
    "notes": "Reserved List"
  },
  {
    "name": "Hot Springs",
    "sets": ["Ice Age"],
    "notes": "Reserved List"
  },
  {
    "name": "Ice Cauldron",
    "sets": ["Ice Age"],
    "notes": "Reserved List"
  },
  {
    "name": "Illusionary Presence",
    "sets": ["Ice Age"],
    "notes": "Reserved List"
  },
  {
    "name": "Illusions of Grandeur",
    "sets": ["Ice Age"],
    "notes": "Reserved List"
  },
  {
    "name": "Infernal Denizen",
    "sets": ["Ice Age"],
    "notes": "Reserved List"
  },
  {
    "name": "Jester's Mask",
    "sets": ["Ice Age"],
    "notes": "Reserved List"
  },
  {
    "name": "Kjeldoran Knight",
    "sets": ["Ice Age"],
    "notes": "Reserved List"
  },
  {
    "name": "Kjeldoran Phalanx",
    "sets": ["Ice Age"],
    "notes": "Reserved List"
  },
  {
    "name": "Land Cap",
    "sets": ["Ice Age"],
    "notes": "Reserved List"
  },
  {
    "name": "Lava Tubes",
    "sets": ["Ice Age"],
    "notes": "Reserved List"
  },
  {
    "name": "Lightning Blow",
    "sets": ["Ice Age"],
    "notes": "Reserved List"
  },
  {
    "name": "Márton Stromgald",
    "sets": ["Ice Age"],
    "notes": "Reserved List"
  },
  {
    "name": "Mercenaries",
    "sets": ["Ice Age"],
    "notes": "Reserved List"
  },
  {
    "name": "Mesmeric Trance",
    "sets": ["Ice Age"],
    "notes": "Reserved List"
  },
  {
    "name": "Minion of Tevesh Szat",
    "sets": ["Ice Age"],
    "notes": "Reserved List"
  },
  {
    "name": "Mountain Titan",
    "sets": ["Ice Age"],
    "notes": "Reserved List"
  },
  {
    "name": "Mudslide",
    "sets": ["Ice Age"],
    "notes": "Reserved List"
  },
  {
    "name": "Musician",
    "sets": ["Ice Age"],
    "notes": "Reserved List"
  },
  {
    "name": "Mystic Might",
    "sets": ["Ice Age"],
    "notes": "Reserved List"
  },
  {
    "name": "Polar Kraken",
    "sets": ["Ice Age"],
    "notes": "Reserved List"
  },
  {
    "name": "Reality Twist",
    "sets": ["Ice Age"],
    "notes": "Reserved List"
  },
  {
    "name": "River Delta",
    "sets": ["Ice Age"],
    "notes": "Reserved List"
  },
  {
    "name": "Ritual of Subdual",
    "sets": ["Ice Age"],
    "notes": "Reserved List"
  },
  {
    "name": "Skeleton Ship",
    "sets": ["Ice Age"],
    "notes": "Reserved List"
  },
  {
    "name": "Snowblind",
    "sets": ["Ice Age"],
    "notes": "Reserved List"
  },
  {
    "name": "Soldevi Golem",
    "sets": ["Ice Age"],
    "notes": "Reserved List"
  },
  {
    "name": "Spoils of Evil",
    "sets": ["Ice Age"],
    "notes": "Reserved List"
  },
  {
    "name": "Spoils of War",
    "sets": ["Ice Age"],
    "notes": "Reserved List"
  },
  {
    "name": "Storm Spirit",
    "sets": ["Ice Age"],
    "notes": "Reserved List"
  },
  {
    "name": "Timberline Ridge",
    "sets": ["Ice Age"],
    "notes": "Reserved List"
  },
  {
    "name": "Trailblazer",
    "sets": ["Ice Age"],
    "notes": "Reserved List"
  },
  {
    "name": "Veldt",
    "sets": ["Ice Age"],
    "notes": "Reserved List"
  },
  {
    "name": "Winter's Chill",
    "sets": ["Ice Age"],
    "notes": "Reserved List"
  },
  {
    "name": "An-Zerrin Ruins",
    "sets": ["Homelands"],
    "notes": "Reserved List"
  },
  {
    "name": "Anaba Ancestor",
    "sets": ["Homelands"],
    "notes": "Reserved List"
  },
  {
    "name": "Anaba Spirit Crafter",
    "sets": ["Homelands"],
    "notes": "Reserved List"
  },
  {
    "name": "Apocalypse Chime",
    "sets": ["Homelands"],
    "notes": "Reserved List"
  },
  {
    "name": "Autumn Willow",
    "sets": ["Homelands"],
    "notes": "Reserved List"
  },
  {
    "name": "Aysen Crusader",
    "sets": ["Homelands"],
    "notes": "Reserved List"
  },
  {
    "name": "Aysen Highway",
    "sets": ["Homelands"],
    "notes": "Reserved List"
  },
  {
    "name": "Baki's Curse",
    "sets": ["Homelands"],
    "notes": "Reserved List"
  },
  {
    "name": "Baron Sengir",
    "sets": ["Homelands"],
    "notes": "Reserved List"
  },
  {
    "name": "Beast Walkers",
    "sets": ["Homelands"],
    "notes": "Reserved List"
  },
  {
    "name": "Black Carriage",
    "sets": ["Homelands"],
    "notes": "Reserved List"
  },
  {
    "name": "Chain Stasis",
    "sets": ["Homelands"],
    "notes": "Reserved List"
  },
  {
    "name": "Daughter of Autumn",
    "sets": ["Homelands"],
    "notes": "Reserved List"
  },
  {
    "name": "Didgeridoo",
    "sets": ["Homelands"],
    "notes": "Reserved List"
  },
  {
    "name": "Dwarven Pony",
    "sets": ["Homelands"],
    "notes": "Reserved List"
  },
  {
    "name": "Dwarven Sea Clan",
    "sets": ["Homelands"],
    "notes": "Reserved List"
  },
  {
    "name": "Faerie Noble",
    "sets": ["Homelands"],
    "notes": "Reserved List"
  },
  {
    "name": "Grandmother Sengir",
    "sets": ["Homelands"],
    "notes": "Reserved List"
  },
  {
    "name": "Hazduhr the Abbot",
    "sets": ["Homelands"],
    "notes": "Reserved List"
  },
  {
    "name": "Heart Wolf",
    "sets": ["Homelands"],
    "notes": "Reserved List"
  },
  {
    "name": "Koskun Falls",
    "sets": ["Homelands"],
    "notes": "Reserved List"
  },
  {
    "name": "Leeches",
    "sets": ["Homelands"],
    "notes": "Reserved List"
  },
  {
    "name": "Mammoth Harness",
    "sets": ["Homelands"],
    "notes": "Reserved List"
  },
  {
    "name": "Marjhan",
    "sets": ["Homelands"],
    "notes": "Reserved List"
  },
  {
    "name": "Mystic Decree",
    "sets": ["Homelands"],
    "notes": "Reserved List"
  },
  {
    "name": "Narwhal",
    "sets": ["Homelands"],
    "notes": "Reserved List"
  },
  {
    "name": "Reveka, Wizard Savant",
    "sets": ["Homelands"],
    "notes": "Reserved List"
  },
  {
    "name": "Rysorian Badger",
    "sets": ["Homelands"],
    "notes": "Reserved List"
  },
  {
    "name": "Serra Aviary",
    "sets": ["Homelands"],
    "notes": "Reserved List"
  },
  {
    "name": "Soraya the Falconer",
    "sets": ["Homelands"],
    "notes": "Reserved List"
  },
  {
    "name": "Timmerian Fiends",
    "sets": ["Homelands"],
    "notes": "Reserved List"
  },
  {
    "name": "Veldrane of Sengir",
    "sets": ["Homelands"],
    "notes": "Reserved List"
  },
  {
    "name": "Wall of Kelp",
    "sets": ["Homelands"],
    "notes": "Reserved List"
  },
  {
    "name": "Willow Priestess",
    "sets": ["Homelands"],
    "notes": "Reserved List"
  },
  {
    "name": "Winter Sky",
    "sets": ["Homelands"],
    "notes": "Reserved List"
  },
  {
    "name": "Ashnod's Cylix",
    "sets": ["Alliances"],
    "notes": "Reserved List"
  },
  {
    "name": "Balduvian Trading Post",
    "sets": ["Alliances"],
    "notes": "Reserved List"
  },
  {
    "name": "Chaos Harlequin",
    "sets": ["Alliances"],
    "notes": "Reserved List"
  },
  {
    "name": "Dystopia",
    "sets": ["Alliances"],
    "notes": "Reserved List"
  },
  {
    "name": "Fatal Lore",
    "sets": ["Alliances"],
    "notes": "Reserved List"
  },
  {
    "name": "Floodwater Dam",
    "sets": ["Alliances"],
    "notes": "Reserved List"
  },
  {
    "name": "Gargantuan Gorilla",
    "sets": ["Alliances"],
    "notes": "Reserved List"
  },
  {
    "name": "Gustha's Scepter",
    "sets": ["Alliances"],
    "notes": "Reserved List"
  },
  {
    "name": "Heart of Yavimaya",
    "sets": ["Alliances"],
    "notes": "Reserved List"
  },
  {
    "name": "Helm of Obedience",
    "sets": ["Alliances"],
    "notes": "Reserved List"
  },
  {
    "name": "Ivory Gargoyle",
    "sets": ["Alliances"],
    "notes": "Reserved List"
  },
  {
    "name": "Kaysa",
    "sets": ["Alliances"],
    "notes": "Reserved List"
  },
  {
    "name": "Keeper of Tresserhorn",
    "sets": ["Alliances"],
    "notes": "Reserved List"
  },
  {
    "name": "Kjeldoran Outpost",
    "sets": ["Alliances"],
    "notes": "Reserved List"
  },
  {
    "name": "Krovikan Horror",
    "sets": ["Alliances"],
    "notes": "Reserved List"
  },
  {
    "name": "Lake of the Dead",
    "sets": ["Alliances"],
    "notes": "Reserved List"
  },
  {
    "name": "Lodestone Bauble",
    "sets": ["Alliances"],
    "notes": "Reserved List"
  },
  {
    "name": "Lord of Tresserhorn",
    "sets": ["Alliances"],
    "notes": "Reserved List"
  },
  {
    "name": "Misfortune",
    "sets": ["Alliances"],
    "notes": "Reserved List"
  },
  {
    "name": "Nature's Wrath",
    "sets": ["Alliances"],
    "notes": "Reserved List"
  },
  {
    "name": "Omen of Fire",
    "sets": ["Alliances"],
    "notes": "Reserved List"
  },
  {
    "name": "Phantasmal Sphere",
    "sets": ["Alliances"],
    "notes": "Reserved List"
  },
  {
    "name": "Phelddagrif",
    "sets": ["Alliances"],
    "notes": "Reserved List"
  },
  {
    "name": "Phyrexian Devourer",
    "sets": ["Alliances"],
    "notes": "Reserved List"
  },
  {
    "name": "Phyrexian Portal",
    "sets": ["Alliances"],
    "notes": "Reserved List"
  },
  {
    "name": "Ritual of the Machine",
    "sets": ["Alliances"],
    "notes": "Reserved List"
  },
  {
    "name": "Rogue Skycaptain",
    "sets": ["Alliances"],
    "notes": "Reserved List"
  },
  {
    "name": "Royal Decree",
    "sets": ["Alliances"],
    "notes": "Reserved List"
  },
  {
    "name": "Sheltered Valley",
    "sets": ["Alliances"],
    "notes": "Reserved List"
  },
  {
    "name": "Soldevi Digger",
    "sets": ["Alliances"],
    "notes": "Reserved List"
  },
  {
    "name": "Soldevi Excavations",
    "sets": ["Alliances"],
    "notes": "Reserved List"
  },
  {
    "name": "Splintering Wind",
    "sets": ["Alliances"],
    "notes": "Reserved List"
  },
  {
    "name": "Sustaining Spirit",
    "sets": ["Alliances"],
    "notes": "Reserved List"
  },
  {
    "name": "Sworn Defender",
    "sets": ["Alliances"],
    "notes": "Reserved List"
  },
  {
    "name": "Thawing Glaciers",
    "sets": ["Alliances"],
    "notes": "Reserved List"
  },
  {
    "name": "Thought Lash",
    "sets": ["Alliances"],
    "notes": "Reserved List"
  },
  {
    "name": "Tidal Control",
    "sets": ["Alliances"],
    "notes": "Reserved List"
  },
  {
    "name": "Tornado",
    "sets": ["Alliances"],
    "notes": "Reserved List"
  },
  {
    "name": "Varchild's War-Riders",
    "sets": ["Alliances"],
    "notes": "Reserved List"
  },
  {
    "name": "Wandering Mage",
    "sets": ["Alliances"],
    "notes": "Reserved List"
  },
  {
    "name": "Winter's Night",
    "sets": ["Alliances"],
    "notes": "Reserved List"
  },
  {
    "name": "Acidic Dagger",
    "sets": ["Mirage"],
    "notes": "Reserved List"
  },
  {
    "name": "Afiya Grove",
    "sets": ["Mirage"],
    "notes": "Reserved List"
  },
  {
    "name": "Amulet of Unmaking",
    "sets": ["Mirage"],
    "notes": "Reserved List"
  },
  {
    "name": "Asmira, Holy Avenger",
    "sets": ["Mirage"],
    "notes": "Reserved List"
  },
  {
    "name": "Auspicious Ancestor",
    "sets": ["Mirage"],
    "notes": "Reserved List"
  },
  {
    "name": "Barreling Attack",
    "sets": ["Mirage"],
    "notes": "Reserved List"
  },
  {
    "name": "Bazaar of Wonders",
    "sets": ["Mirage"],
    "notes": "Reserved List"
  },
  {
    "name": "Benthic Djinn",
    "sets": ["Mirage"],
    "notes": "Reserved List"
  },
  {
    "name": "Bone Mask",
    "sets": ["Mirage"],
    "notes": "Reserved List"
  },
  {
    "name": "Brushwagg",
    "sets": ["Mirage"],
    "notes": "Reserved List"
  },
  {
    "name": "Cadaverous Bloom",
    "sets": ["Mirage"],
    "notes": "Reserved List"
  },
  {
    "name": "Canopy Dragon",
    "sets": ["Mirage"],
    "notes": "Reserved List"
  },
  {
    "name": "Carrion",
    "sets": ["Mirage"],
    "notes": "Reserved List"
  },
  {
    "name": "Catacomb Dragon",
    "sets": ["Mirage"],
    "notes": "Reserved List"
  },
  {
    "name": "Chaosphere",
    "sets": ["Mirage"],
    "notes": "Reserved List"
  },
  {
    "name": "Circle of Despair",
    "sets": ["Mirage"],
    "notes": "Reserved List"
  },
  {
    "name": "Cycle of Life",
    "sets": ["Mirage"],
    "notes": "Reserved List"
  },
  {
    "name": "Discordant Spirit",
    "sets": ["Mirage"],
    "notes": "Reserved List"
  },
  {
    "name": "Divine Retribution",
    "sets": ["Mirage"],
    "notes": "Reserved List"
  },
  {
    "name": "Emberwilde Caliph",
    "sets": ["Mirage"],
    "notes": "Reserved List"
  },
  {
    "name": "Emberwilde Djinn",
    "sets": ["Mirage"],
    "notes": "Reserved List"
  },
  {
    "name": "Energy Bolt",
    "sets": ["Mirage"],
    "notes": "Reserved List"
  },
  {
    "name": "Energy Vortex",
    "sets": ["Mirage"],
    "notes": "Reserved List"
  },
  {
    "name": "Forsaken Wastes",
    "sets": ["Mirage"],
    "notes": "Reserved List"
  },
  {
    "name": "Frenetic Efreet",
    "sets": ["Mirage"],
    "notes": "Reserved List"
  },
  {
    "name": "Grim Feast",
    "sets": ["Mirage"],
    "notes": "Reserved List"
  },
  {
    "name": "Hakim, Loreweaver",
    "sets": ["Mirage"],
    "notes": "Reserved List"
  },
  {
    "name": "Hall of Gemstone",
    "sets": ["Mirage"],
    "notes": "Reserved List"
  },
  {
    "name": "Harbinger of Night",
    "sets": ["Mirage"],
    "notes": "Reserved List"
  },
  {
    "name": "Hivis of the Scale",
    "sets": ["Mirage"],
    "notes": "Reserved List"
  },
  {
    "name": "Jabari's Influence",
    "sets": ["Mirage"],
    "notes": "Reserved List"
  },
  {
    "name": "Jungle Patrol",
    "sets": ["Mirage"],
    "notes": "Reserved List"
  },
  {
    "name": "Kukemssa Pirates",
    "sets": ["Mirage"],
    "notes": "Reserved List"
  },
  {
    "name": "Leering Gargoyle",
    "sets": ["Mirage"],
    "notes": "Reserved List"
  },
  {
    "name": "Lion's Eye Diamond",
    "sets": ["Mirage"],
    "notes": "Reserved List - Storm combo piece"
  },
  {
    "name": "Lure of Prey",
    "sets": ["Mirage"],
    "notes": "Reserved List"
  },
  {
    "name": "Malignant Growth",
    "sets": ["Mirage"],
    "notes": "Reserved List"
  },
  {
    "name": "Mangara's Tome",
    "sets": ["Mirage"],
    "notes": "Reserved List"
  },
  {
    "name": "Mindbender Spores",
    "sets": ["Mirage"],
    "notes": "Reserved List"
  },
  {
    "name": "Misers' Cage",
    "sets": ["Mirage"],
    "notes": "Reserved List"
  },
  {
    "name": "Mist Dragon",
    "sets": ["Mirage"],
    "notes": "Reserved List"
  },
  {
    "name": "Natural Balance",
    "sets": ["Mirage"],
    "notes": "Reserved List"
  },
  {
    "name": "Null Chamber",
    "sets": ["Mirage"],
    "notes": "Reserved List"
  },
  {
    "name": "Paupers' Cage",
    "sets": ["Mirage"],
    "notes": "Reserved List"
  },
  {
    "name": "Phyrexian Dreadnought",
    "sets": ["Mirage"],
    "notes": "Reserved List - Legacy playable"
  },
  {
    "name": "Phyrexian Purge",
    "sets": ["Mirage"],
    "notes": "Reserved List"
  },
  {
    "name": "Phyrexian Tribute",
    "sets": ["Mirage"],
    "notes": "Reserved List"
  },
  {
    "name": "Political Trickery",
    "sets": ["Mirage"],
    "notes": "Reserved List"
  },
  {
    "name": "Preferred Selection",
    "sets": ["Mirage"],
    "notes": "Reserved List"
  },
  {
    "name": "Prismatic Lace",
    "sets": ["Mirage"],
    "notes": "Reserved List"
  },
  {
    "name": "Purgatory",
    "sets": ["Mirage"],
    "notes": "Reserved List"
  },
  {
    "name": "Purraj of Urborg",
    "sets": ["Mirage"],
    "notes": "Reserved List"
  },
  {
    "name": "Rashida Scalebane",
    "sets": ["Mirage"],
    "notes": "Reserved List"
  },
  {
    "name": "Razor Pendulum",
    "sets": ["Mirage"],
    "notes": "Reserved List"
  },
  {
    "name": "Reflect Damage",
    "sets": ["Mirage"],
    "notes": "Reserved List"
  },
  {
    "name": "Reparations",
    "sets": ["Mirage"],
    "notes": "Reserved List"
  },
  {
    "name": "Rock Basilisk",
    "sets": ["Mirage"],
    "notes": "Reserved List"
  },
  {
    "name": "Sawback Manticore",
    "sets": ["Mirage"],
    "notes": "Reserved List"
  },
  {
    "name": "Seeds of Innocence",
    "sets": ["Mirage"],
    "notes": "Reserved List"
  },
  {
    "name": "Shallow Grave",
    "sets": ["Mirage"],
    "notes": "Reserved List"
  },
  {
    "name": "Shauku, Endbringer",
    "sets": ["Mirage"],
    "notes": "Reserved List"
  },
  {
    "name": "Shimmer",
    "sets": ["Mirage"],
    "notes": "Reserved List"
  },
  {
    "name": "Sidar Jabari",
    "sets": ["Mirage"],
    "notes": "Reserved List"
  },
  {
    "name": "Soul Echo",
    "sets": ["Mirage"],
    "notes": "Reserved List"
  },
  {
    "name": "Spectral Guardian",
    "sets": ["Mirage"],
    "notes": "Reserved List"
  },
  {
    "name": "Spirit of the Night",
    "sets": ["Mirage"],
    "notes": "Reserved List"
  },
  {
    "name": "Subterranean Spirit",
    "sets": ["Mirage"],
    "notes": "Reserved List"
  },
  {
    "name": "Tainted Specter",
    "sets": ["Mirage"],
    "notes": "Reserved List"
  },
  {
    "name": "Taniwha",
    "sets": ["Mirage"],
    "notes": "Reserved List"
  },
  {
    "name": "Teeka's Dragon",
    "sets": ["Mirage"],
    "notes": "Reserved List"
  },
  {
    "name": "Teferi's Imp",
    "sets": ["Mirage"],
    "notes": "Reserved List"
  },
  {
    "name": "Teferi's Isle",
    "sets": ["Mirage"],
    "notes": "Reserved List"
  },
  {
    "name": "Telim'Tor",
    "sets": ["Mirage"],
    "notes": "Reserved List"
  },
  {
    "name": "Telim'Tor's Edict",
    "sets": ["Mirage"],
    "notes": "Reserved List"
  },
  {
    "name": "Tombstone Stairwell",
    "sets": ["Mirage"],
    "notes": "Reserved List"
  },
  {
    "name": "Torrent of Lava",
    "sets": ["Mirage"],
    "notes": "Reserved List"
  },
  {
    "name": "Unfulfilled Desires",
    "sets": ["Mirage"],
    "notes": "Reserved List"
  },
  {
    "name": "Ventifact Bottle",
    "sets": ["Mirage"],
    "notes": "Reserved List"
  },
  {
    "name": "Warping Wurm",
    "sets": ["Mirage"],
    "notes": "Reserved List"
  },
  {
    "name": "Wellspring",
    "sets": ["Mirage"],
    "notes": "Reserved List"
  },
  {
    "name": "Yare",
    "sets": ["Mirage"],
    "notes": "Reserved List"
  },
  {
    "name": "Zirilan of the Claw",
    "sets": ["Mirage"],
    "notes": "Reserved List"
  },
  {
    "name": "Zuberi, Golden Feather",
    "sets": ["Mirage"],
    "notes": "Reserved List"
  },
  {
    "name": "Aku Djinn",
    "sets": ["Visions"],
    "notes": "Reserved List"
  },
  {
    "name": "Anvil of Bogardan",
    "sets": ["Visions"],
    "notes": "Reserved List"
  },
  {
    "name": "Bogardan Phoenix",
    "sets": ["Visions"],
    "notes": "Reserved List"
  },
  {
    "name": "Breathstealer's Crypt",
    "sets": ["Visions"],
    "notes": "Reserved List"
  },
  {
    "name": "Chronatog",
    "sets": ["Visions"],
    "notes": "Reserved List"
  },
  {
    "name": "City of Solitude",
    "sets": ["Visions"],
    "notes": "Reserved List"
  },
  {
    "name": "Corrosion",
    "sets": ["Visions"],
    "notes": "Reserved List"
  },
  {
    "name": "Diamond Kaleidoscope",
    "sets": ["Visions"],
    "notes": "Reserved List"
  },
  {
    "name": "Elkin Lair",
    "sets": ["Visions"],
    "notes": "Reserved List"
  },
  {
    "name": "Equipoise",
    "sets": ["Visions"],
    "notes": "Reserved List"
  },
  {
    "name": "Eye of Singularity",
    "sets": ["Visions"],
    "notes": "Reserved List"
  },
  {
    "name": "Femeref Enchantress",
    "sets": ["Visions"],
    "notes": "Reserved List"
  },
  {
    "name": "Firestorm Hellkite",
    "sets": ["Visions"],
    "notes": "Reserved List"
  },
  {
    "name": "Flooded Shoreline",
    "sets": ["Visions"],
    "notes": "Reserved List"
  },
  {
    "name": "Forbidden Ritual",
    "sets": ["Visions"],
    "notes": "Reserved List"
  },
  {
    "name": "Griffin Canyon",
    "sets": ["Visions"],
    "notes": "Reserved List"
  },
  {
    "name": "Guiding Spirit",
    "sets": ["Visions"],
    "notes": "Reserved List"
  },
  {
    "name": "Kaervek's Spite",
    "sets": ["Visions"],
    "notes": "Reserved List"
  },
  {
    "name": "Katabatic Winds",
    "sets": ["Visions"],
    "notes": "Reserved List"
  },
  {
    "name": "Kookus",
    "sets": ["Visions"],
    "notes": "Reserved List"
  },
  {
    "name": "Lichenthrope",
    "sets": ["Visions"],
    "notes": "Reserved List"
  },
  {
    "name": "Lightning Cloud",
    "sets": ["Visions"],
    "notes": "Reserved List"
  },
  {
    "name": "Ogre Enforcer",
    "sets": ["Visions"],
    "notes": "Reserved List"
  },
  {
    "name": "Phyrexian Marauder",
    "sets": ["Visions"],
    "notes": "Reserved List"
  },
  {
    "name": "Pillar Tombs of Aku",
    "sets": ["Visions"],
    "notes": "Reserved List"
  },
  {
    "name": "Pygmy Hippo",
    "sets": ["Visions"],
    "notes": "Reserved List"
  },
  {
    "name": "Quirion Druid",
    "sets": ["Visions"],
    "notes": "Reserved List"
  },
  {
    "name": "Rainbow Efreet",
    "sets": ["Visions"],
    "notes": "Reserved List"
  },
  {
    "name": "Retribution of the Meek",
    "sets": ["Visions"],
    "notes": "Reserved List"
  },
  {
    "name": "Righteous War",
    "sets": ["Visions"],
    "notes": "Reserved List"
  },
  {
    "name": "Sands of Time",
    "sets": ["Visions"],
    "notes": "Reserved List"
  },
  {
    "name": "Squandered Resources",
    "sets": ["Visions"],
    "notes": "Reserved List"
  },
  {
    "name": "Suleiman's Legacy",
    "sets": ["Visions"],
    "notes": "Reserved List"
  },
  {
    "name": "Teferi's Realm",
    "sets": ["Visions"],
    "notes": "Reserved List"
  },
  {
    "name": "Three Wishes",
    "sets": ["Visions"],
    "notes": "Reserved List"
  },
  {
    "name": "Tithe",
    "sets": ["Visions"],
    "notes": "Reserved List"
  },
  {
    "name": "Triangle of War",
    "sets": ["Visions"],
    "notes": "Reserved List"
  },
  {
    "name": "Undiscovered Paradise",
    "sets": ["Visions"],
    "notes": "Reserved List"
  },
  {
    "name": "Viashivan Dragon",
    "sets": ["Visions"],
    "notes": "Reserved List"
  },
  {
    "name": "Zhalfirin Crusader",
    "sets": ["Visions"],
    "notes": "Reserved List"
  },
  {
    "name": "Abeyance",
    "sets": ["Weatherlight"],
    "notes": "Reserved List"
  },
  {
    "name": "Aboroth",
    "sets": ["Weatherlight"],
    "notes": "Reserved List"
  },
  {
    "name": "Ancestral Knowledge",
    "sets": ["Weatherlight"],
    "notes": "Reserved List"
  },
  {
    "name": "Avizoa",
    "sets": ["Weatherlight"],
    "notes": "Reserved List"
  },
  {
    "name": "Bone Dancer",
    "sets": ["Weatherlight"],
    "notes": "Reserved List"
  },
  {
    "name": "Bösium Strip",
    "sets": ["Weatherlight"],
    "notes": "Reserved List"
  },
  {
    "name": "Bubble Matrix",
    "sets": ["Weatherlight"],
    "notes": "Reserved List"
  },
  {
    "name": "Debt of Loyalty",
    "sets": ["Weatherlight"],
    "notes": "Reserved List"
  },
  {
    "name": "Dwarven Thaumaturgist",
    "sets": ["Weatherlight"],
    "notes": "Reserved List"
  },
  {
    "name": "Ertai's Familiar",
    "sets": ["Weatherlight"],
    "notes": "Reserved List"
  },
  {
    "name": "Firestorm",
    "sets": ["Weatherlight"],
    "notes": "Reserved List"
  },
  {
    "name": "Fungus Elemental",
    "sets": ["Weatherlight"],
    "notes": "Reserved List"
  },
  {
    "name": "Gallowbraid",
    "sets": ["Weatherlight"],
    "notes": "Reserved List"
  },
  {
    "name": "Goblin Bomb",
    "sets": ["Weatherlight"],
    "notes": "Reserved List"
  },
  {
    "name": "Heart of Bogardan",
    "sets": ["Weatherlight"],
    "notes": "Reserved List"
  },
  {
    "name": "Heat Stroke",
    "sets": ["Weatherlight"],
    "notes": "Reserved List"
  },
  {
    "name": "Infernal Tribute",
    "sets": ["Weatherlight"],
    "notes": "Reserved List"
  },
  {
    "name": "Inner Sanctum",
    "sets": ["Weatherlight"],
    "notes": "Reserved List"
  },
  {
    "name": "Liege of the Hollows",
    "sets": ["Weatherlight"],
    "notes": "Reserved List"
  },
  {
    "name": "Lotus Vale",
    "sets": ["Weatherlight"],
    "notes": "Reserved List"
  },
  {
    "name": "Mana Web",
    "sets": ["Weatherlight"],
    "notes": "Reserved List"
  },
  {
    "name": "Maraxus of Keld",
    "sets": ["Weatherlight"],
    "notes": "Reserved List"
  },
  {
    "name": "Morinfen",
    "sets": ["Weatherlight"],
    "notes": "Reserved List"
  },
  {
    "name": "Mwonvuli Ooze",
    "sets": ["Weatherlight"],
    "notes": "Reserved List"
  },
  {
    "name": "Null Rod",
    "sets": ["Weatherlight"],
    "notes": "Reserved List - Vintage playable"
  },
  {
    "name": "Paradigm Shift",
    "sets": ["Weatherlight"],
    "notes": "Reserved List"
  },
  {
    "name": "Peacekeeper",
    "sets": ["Weatherlight"],
    "notes": "Reserved List"
  },
  {
    "name": "Pendrell Mists",
    "sets": ["Weatherlight"],
    "notes": "Reserved List"
  },
  {
    "name": "Psychic Vortex",
    "sets": ["Weatherlight"],
    "notes": "Reserved List"
  },
  {
    "name": "Scorched Ruins",
    "sets": ["Weatherlight"],
    "notes": "Reserved List"
  },
  {
    "name": "Thran Tome",
    "sets": ["Weatherlight"],
    "notes": "Reserved List"
  },
  {
    "name": "Tolarian Entrancer",
    "sets": ["Weatherlight"],
    "notes": "Reserved List"
  },
  {
    "name": "Tolarian Serpent",
    "sets": ["Weatherlight"],
    "notes": "Reserved List"
  },
  {
    "name": "Urborg Justice",
    "sets": ["Weatherlight"],
    "notes": "Reserved List"
  },
  {
    "name": "Urborg Stalker",
    "sets": ["Weatherlight"],
    "notes": "Reserved List"
  },
  {
    "name": "Wave of Terror",
    "sets": ["Weatherlight"],
    "notes": "Reserved List"
  },
  {
    "name": "Well of Knowledge",
    "sets": ["Weatherlight"],
    "notes": "Reserved List"
  },
  {
    "name": "Winding Canyons",
    "sets": ["Weatherlight"],
    "notes": "Reserved List"
  },
  {
    "name": "Xanthic Statue",
    "sets": ["Weatherlight"],
    "notes": "Reserved List"
  },
  {
    "name": "Aluren",
    "sets": ["Tempest"],
    "notes": "Reserved List - Legacy combo enabler"
  },
  {
    "name": "Apocalypse",
    "sets": ["Tempest"],
    "notes": "Reserved List"
  },
  {
    "name": "Avenging Angel",
    "sets": ["Tempest"],
    "notes": "Reserved List"
  },
  {
    "name": "Commander Greven il-Vec",
    "sets": ["Tempest"],
    "notes": "Reserved List"
  },
  {
    "name": "Corpse Dance",
    "sets": ["Tempest"],
    "notes": "Reserved List"
  },
  {
    "name": "Cursed Scroll",
    "sets": ["Tempest"],
    "notes": "Reserved List - Legacy playable"
  },
  {
    "name": "Earthcraft",
    "sets": ["Tempest"],
    "notes": "Reserved List - Combo piece"
  },
  {
    "name": "Eladamri, Lord of Leaves",
    "sets": ["Tempest"],
    "notes": "Reserved List"
  },
  {
    "name": "Escaped Shapeshifter",
    "sets": ["Tempest"],
    "notes": "Reserved List"
  },
  {
    "name": "Humility",
    "sets": ["Tempest"],
    "notes": "Reserved List - Legacy playable"
  },
  {
    "name": "Intuition",
    "sets": ["Tempest"],
    "notes": "Reserved List - Legacy staple"
  },
  {
    "name": "Meditate",
    "sets": ["Tempest"],
    "notes": "Reserved List"
  },
  {
    "name": "Orim, Samite Healer",
    "sets": ["Tempest"],
    "notes": "Reserved List"
  },
  {
    "name": "Recycle",
    "sets": ["Tempest"],
    "notes": "Reserved List"
  },
  {
    "name": "Sarcomancy",
    "sets": ["Tempest"],
    "notes": "Reserved List"
  },
  {
    "name": "Selenia, Dark Angel",
    "sets": ["Tempest"],
    "notes": "Reserved List"
  },
  {
    "name": "Crovax the Cursed",
    "sets": ["Stronghold"],
    "notes": "Reserved List"
  },
  {
    "name": "Dream Halls",
    "sets": ["Stronghold"],
    "notes": "Reserved List - Combo enabler"
  },
  {
    "name": "Mox Diamond",
    "sets": ["Stronghold"],
    "notes": "Reserved List - Legacy staple"
  },
  {
    "name": "Silver Wyvern",
    "sets": ["Stronghold"],
    "notes": "Reserved List"
  },
  {
    "name": "Sliver Queen",
    "sets": ["Stronghold"],
    "notes": "Reserved List - Sliver commander"
  },
  {
    "name": "Volrath's Shapeshifter",
    "sets": ["Stronghold"],
    "notes": "Reserved List"
  },
  {
    "name": "Volrath's Stronghold",
    "sets": ["Stronghold"],
    "notes": "Reserved List - Legacy playable"
  },
  {
    "name": "City of Traitors",
    "sets": ["Exodus"],
    "notes": "Reserved List - Legacy staple"
  },
  {
    "name": "Dominating Licid",
    "sets": ["Exodus"],
    "notes": "Reserved List"
  },
  {
    "name": "Ertai, Wizard Adept",
    "sets": ["Exodus"],
    "notes": "Reserved List"
  },
  {
    "name": "Exalted Dragon",
    "sets": ["Exodus"],
    "notes": "Reserved List"
  },
  {
    "name": "Hatred",
    "sets": ["Exodus"],
    "notes": "Reserved List"
  },
  {
    "name": "Mind Over Matter",
    "sets": ["Exodus"],
    "notes": "Reserved List - Combo piece"
  },
  {
    "name": "Oath of Ghouls",
    "sets": ["Exodus"],
    "notes": "Reserved List"
  },
  {
    "name": "Recurring Nightmare",
    "sets": ["Exodus"],
    "notes": "Reserved List - Legacy banned"
  },
  {
    "name": "Survival of the Fittest",
    "sets": ["Exodus"],
    "notes": "Reserved List - Legacy banned"
  },
  {
    "name": "Argothian Wurm",
    "sets": ["Urza's Saga"],
    "notes": "Reserved List"
  },
  {
    "name": "Barrin, Master Wizard",
    "sets": ["Urza's Saga"],
    "notes": "Reserved List"
  },
  {
    "name": "Citanul Centaurs",
    "sets": ["Urza's Saga"],
    "notes": "Reserved List"
  },
  {
    "name": "Gaea's Cradle",
    "sets": ["Urza's Saga"],
    "notes": "Reserved List - Legacy staple"
  },
  {
    "name": "Gilded Drake",
    "sets": ["Urza's Saga"],
    "notes": "Reserved List"
  },
  {
    "name": "Great Whale",
    "sets": ["Urza's Saga"],
    "notes": "Reserved List"
  },
  {
    "name": "Herald of Serra",
    "sets": ["Urza's Saga"],
    "notes": "Reserved List"
  },
  {
    "name": "Karn, Silver Golem",
    "sets": ["Urza's Saga"],
    "notes": "Reserved List"
  },
  {
    "name": "Lifeline",
    "sets": ["Urza's Saga"],
    "notes": "Reserved List"
  },
  {
    "name": "Lightning Dragon",
    "sets": ["Urza's Saga"],
    "notes": "Reserved List"
  },
  {
    "name": "Morphling",
    "sets": ["Urza's Saga"],
    "notes": "Reserved List - Vintage playable"
  },
  {
    "name": "Opal Archangel",
    "sets": ["Urza's Saga"],
    "notes": "Reserved List"
  },
  {
    "name": "Serra's Sanctum",
    "sets": ["Urza's Saga"],
    "notes": "Reserved List - Legacy playable"
  },
  {
    "name": "Temporal Aperture",
    "sets": ["Urza's Saga"],
    "notes": "Reserved List"
  },
  {
    "name": "Time Spiral",
    "sets": ["Urza's Saga"],
    "notes": "Reserved List - Vintage restricted"
  },
  {
    "name": "Tolarian Academy",
    "sets": ["Urza's Saga"],
    "notes": "Reserved List - Vintage restricted"
  },
  {
    "name": "Yawgmoth's Will",
    "sets": ["Urza's Saga"],
    "notes": "Reserved List - Vintage restricted"
  },
  {
    "name": "Zephid",
    "sets": ["Urza's Saga"],
    "notes": "Reserved List"
  },
  {
    "name": "Deranged Hermit",
    "sets": ["Urza's Legacy"],
    "notes": "Reserved List"
  },
  {
    "name": "Grim Monolith",
    "sets": ["Urza's Legacy"],
    "notes": "Reserved List - Legacy playable"
  },
  {
    "name": "Memory Jar",
    "sets": ["Urza's Legacy"],
    "notes": "Reserved List - Vintage restricted"
  },
  {
    "name": "Multani, Maro-Sorcerer",
    "sets": ["Urza's Legacy"],
    "notes": "Reserved List"
  },
  {
    "name": "Palinchron",
    "sets": ["Urza's Legacy"],
    "notes": "Reserved List"
  },
  {
    "name": "Radiant, Archangel",
    "sets": ["Urza's Legacy"],
    "notes": "Reserved List"
  },
  {
    "name": "Ring of Gix",
    "sets": ["Urza's Legacy"],
    "notes": "Reserved List"
  },
  {
    "name": "Second Chance",
    "sets": ["Urza's Legacy"],
    "notes": "Reserved List"
  },
  {
    "name": "Weatherseed Treefolk",
    "sets": ["Urza's Legacy"],
    "notes": "Reserved List"
  },
  {
    "name": "Academy Rector",
    "sets": ["Urza's Destiny"],
    "notes": "Reserved List - Legacy playable"
  },
  {
    "name": "Carnival of Souls",
    "sets": ["Urza's Destiny"],
    "notes": "Reserved List"
  },
  {
    "name": "Covetous Dragon",
    "sets": ["Urza's Destiny"],
    "notes": "Reserved List"
  },
  {
    "name": "Donate",
    "sets": ["Urza's Destiny"],
    "notes": "Reserved List - Legacy combo piece"
  },
  {
    "name": "Masticore",
    "sets": ["Urza's Destiny"],
    "notes": "Reserved List"
  },
  {
    "name": "Metalworker",
    "sets": ["Urza's Destiny"],
    "notes": "Reserved List - Legacy playable"
  },
  {
    "name": "Opalescence",
    "sets": ["Urza's Destiny"],
    "notes": "Reserved List"
  },
  {
    "name": "Phyrexian Negator",
    "sets": ["Urza's Destiny"],
    "notes": "Reserved List"
  },
  {
    "name": "Powder Keg",
    "sets": ["Urza's Destiny"],
    "notes": "Reserved List"
  },
  {
    "name": "Replenish",
    "sets": ["Urza's Destiny"],
    "notes": "Reserved List - Legacy playable"
  },
  {
    "name": "Rofellos, Llanowar Emissary",
    "sets": ["Urza's Destiny"],
    "notes": "Reserved List - Legacy banned"
  },
  {
    "name": "Treachery",
    "sets": ["Urza's Destiny"],
    "notes": "Reserved List"
  },
  {
    "name": "Yavimaya Hollow",
    "sets": ["Urza's Destiny"],
    "notes": "Reserved List"
  },
  {
    "name": "Yawgmoth's Bargain",
    "sets": ["Urza's Destiny"],
    "notes": "Reserved List - Legacy banned"
  }
]