[
  {
    "name": "Psychatog",
    "sets": [
      "Odyssey"
    ],
    "notes": "Deck staple"
  },
  {
    "name": "Brainstorm",
    "sets": [
      "Ice Age"
    ],
    "notes": "Draw spell"
  },
  {
    "name": "Tendrils of Agony",
    "sets": [
      "Scourge"
    ],
    "notes": "Win condition"
  },
  {
    "name": "Yawgmoth's Will",
    "sets": [
      "Urza's Saga"
    ],
    "notes": "Key combo piece"
  },
  {
    "name": "Power Artifact",
    "sets": [
      "Antiquities"
    ],
    "notes": "Combo piece"
  },
  {
    "name": "Basalt Monolith",
    "sets": [
      "Beta",
      "Unlimited",
      "Foreign Black Border"
    ],
    "notes": "Mana combo"
  },
  {
    "name": "Grim Monolith",
    "sets": [
      "Urza's Legacy"
    ],
    "notes": "Fast mana combo"
  },
  {
    "name": "Stroke of Genius",
    "sets": [
      "Urza's Saga"
    ],
    "notes": "Win condition"
  },
  {
    "name": "Braingeyser",
    "sets": [
      "Beta",
      "Unlimited",
      "Foreign Black Border"
    ],
    "notes": "Draw spell"
  },
  {
    "name": "Reanimate",
    "sets": [
      "Tempest"
    ],
    "notes": "Reanimation spell"
  },
  {
    "name": "Dance of the Dead",
    "sets": [
      "Ice Age"
    ],
    "notes": "Reanimation spell"
  },
  {
    "name": "Necromancy",
    "sets": [
      "Visions"
    ],
    "notes": "Reanimation spell"
  },
  {
    "name": "Shallow Grave",
    "sets": [
      "Mirage"
    ],
    "notes": "Reanimation spell"
  },
  {
    "name": "Spirit of the Night",
    "sets": [
      "Mirage"
    ],
    "notes": "Reanimation target"
  },
  {
    "name": "Triskelion",
    "sets": [
      "Antiquities"
    ],
    "notes": "Combo piece"
  },
  {
    "name": "Mystical Tutor",
    "sets": [
      "Mirage"
    ],
    "notes": "Tutor"
  },
  {
    "name": "Intuition",
    "sets": [
      "Tempest"
    ],
    "notes": "Tutor"
  },
  {
    "name": "Transmute Artifact",
    "sets": [
      "Antiquities"
    ],
    "notes": "Artifact tutor"
  },
  {
    "name": "Dark Ritual",
    "sets": [
      "Beta",
      "Unlimited",
      "Foreign Black Border"
    ],
    "notes": "Fast mana"
  },
  {
    "name": "Cabal Ritual",
    "sets": [
      "Torment"
    ],
    "notes": "Fast mana"
  },
  {
    "name": "Lotus Petal",
    "sets": [
      "Tempest"
    ],
    "notes": "Fast mana"
  },
  {
    "name": "Sol Ring",
    "sets": [
      "Beta",
      "Unlimited",
      "Foreign Black Border"
    ],
    "notes": "Fast mana"
  },
  {
    "name": "Mana Vault",
    "sets": [
      "Beta",
      "Unlimited",
      "Foreign Black Border"
    ],
    "notes": "Fast mana"
  },
  {
    "name": "Counterspell",
    "sets": [
      "Beta",
      "Unlimited",
      "Foreign Black Border"
    ],
    "notes": "Protection"
  },
  {
    "name": "Fact or Fiction",
    "sets": [
      "Invasion"
    ],
    "notes": "Card advantage"
  },
  {
    "name": "Thirst for Knowledge",
    "sets": [
      "Mirrodin"
    ],
    "notes": "Card advantage"
  },
  {
    "name": "Necropotence",
    "sets": [
      "Ice Age"
    ],
    "notes": "Card advantage engine"
  },
  {
    "name": "Memory Jar",
    "sets": [
      "Urza's Legacy"
    ],
    "notes": "Card advantage"
  },
  {
    "name": "Time Spiral",
    "sets": [
      "Urza's Saga"
    ],
    "notes": "Reset and draw"
  },
  {
    "name": "Snuff Out",
    "sets": [
      "Mercadian Masques"
    ],
    "notes": "Removal"
  },
  {
    "name": "Innocent Blood",
    "sets": [
      "Odyssey"
    ],
    "notes": "Removal"
  },
  {
    "name": "Nevinyrral's Disk",
    "sets": [
      "Beta",
      "Unlimited",
      "Foreign Black Border"
    ],
    "notes": "Board wipe"
  },
  {
    "name": "Underground Sea",
    "sets": [
      "Beta",
      "Unlimited",
      "Revised",
      "Foreign Black Border"
    ],
    "notes": "Dual land"
  },
  {
    "name": "Underground River",
    "sets": [
      "Ice Age"
    ],
    "notes": "Pain land"
  },
  {
    "name": "Cabal Coffers",
    "sets": [
      "Torment"
    ],
    "notes": "Mana producer"
  },
  {
    "name": "Volrath's Stronghold",
    "sets": [
      "Stronghold"
    ],
    "notes": "Utility land"
  },
  {
    "name": "Temple of the False God",
    "sets": [
      "Scourge"
    ],
    "notes": "Mana producer"
  },
  {
    "name": "Tainted Isle",
    "sets": [
      "Torment"
    ],
    "notes": "Dual land"
  },
  {
    "name": "Air Elemental",
    "sets": [
      "Beta",
      "Unlimited",
      "Foreign Black Border"
    ],
    "notes": "Creature"
  },
  {
    "name": "Bayou",
    "sets": [
      "Beta",
      "Unlimited",
      "Revised",
      "Foreign Black Border"
    ],
    "notes": "Dual land"
  },
  {
    "name": "Birds of Paradise",
    "sets": [
      "Beta",
      "Unlimited",
      "Foreign Black Border"
    ],
    "notes": "Mana dork"
  },
  {
    "name": "City of Traitors",
    "sets": [
      "Exodus"
    ],
    "notes": "Fast mana land"
  },
  {
    "name": "Copy Artifact",
    "sets": [
      "Beta",
      "Unlimited",
      "Foreign Black Border"
    ],
    "notes": "Combo piece"
  },
  {
    "name": "Demonic Tutor",
    "sets": [
      "Beta",
      "Unlimited",
      "Foreign Black Border"
    ],
    "notes": "Tutor"
  },
  {
    "name": "Drain Life",
    "sets": [
      "Beta",
      "Unlimited",
      "Foreign Black Border"
    ],
    "notes": "Win condition"
  },
  {
    "name": "Exploration",
    "sets": [
      "Urza's Saga"
    ],
    "notes": "Ramp"
  },
  {
    "name": "Gaea's Cradle",
    "sets": [
      "Urza's Saga"
    ],
    "notes": "Mana producer"
  },
  {
    "name": "Gilded Drake",
    "sets": [
      "Urza's Saga"
    ],
    "notes": "Creature control"
  },
  {
    "name": "Hymn to Tourach",
    "sets": [
      "Fallen Empires"
    ],
    "notes": "Discard"
  },
  {
    "name": "Icy Manipulator",
    "sets": [
      "Beta",
      "Unlimited",
      "Foreign Black Border"
    ],
    "notes": "Control"
  },
  {
    "name": "Kokusho, the Evening Star",
    "sets": [
      "Champions of Kamigawa"
    ],
    "notes": "Win condition"
  },
  {
    "name": "Lion's Eye Diamond",
    "sets": [
      "Mirage"
    ],
    "notes": "Fast mana"
  },
  {
    "name": "Mahamoti Djinn",
    "sets": [
      "Beta",
      "Unlimited",
      "Foreign Black Border"
    ],
    "notes": "Creature"
  },
  {
    "name": "Mind Twist",
    "sets": [
      "Beta",
      "Unlimited",
      "Foreign Black Border"
    ],
    "notes": "Discard"
  },
  {
    "name": "Morphling",
    "sets": [
      "Urza's Saga"
    ],
    "notes": "Creature"
  },
  {
    "name": "Mox Jet",
    "sets": [
      "Unlimited",
      "Collectors' Edition",
      "International Edition"
    ],
    "notes": "Power nine - black mana"
  },
  {
    "name": "Oath of Druids",
    "sets": [
      "Exodus"
    ],
    "notes": "Combo piece"
  },
  {
    "name": "Palinchron",
    "sets": [
      "Urza's Legacy"
    ],
    "notes": "Combo piece"
  },
  {
    "name": "Pernicious Deed",
    "sets": [
      "Apocalypse"
    ],
    "notes": "Board wipe"
  },
  {
    "name": "Rhystic Study",
    "sets": [
      "Prophecy"
    ],
    "notes": "Card advantage"
  },
  {
    "name": "Royal Assassin",
    "sets": [
      "Beta",
      "Unlimited",
      "Foreign Black Border"
    ],
    "notes": "Removal"
  },
  {
    "name": "Sengir Vampire",
    "sets": [
      "Beta",
      "Unlimited",
      "Foreign Black Border"
    ],
    "notes": "Creature"
  },
  {
    "name": "Serendib Efreet",
    "sets": [
      "Arabian Nights"
    ],
    "notes": "Creature"
  },
  {
    "name": "Solemn Simulacrum",
    "sets": [
      "Mirrodin"
    ],
    "notes": "Ramp and card draw"
  },
  {
    "name": "Stasis",
    "sets": [
      "Beta",
      "Unlimited",
      "Foreign Black Border"
    ],
    "notes": "Lock piece"
  },
  {
    "name": "Survival of the Fittest",
    "sets": [
      "Exodus"
    ],
    "notes": "Tutor"
  },
  {
    "name": "Sylvan Library",
    "sets": [
      "Legends",
      "Foreign Black Border"
    ],
    "notes": "Card advantage"
  },
  {
    "name": "Temporal Adept",
    "sets": [
      "Urza's Destiny"
    ],
    "notes": "Bounce"
  },
  {
    "name": "Thassa's Oracle",
    "sets": [
      "Theros Beyond Death"
    ],
    "notes": "Win condition"
  },
  {
    "name": "Tidal Kraken",
    "sets": [
      "Mirage"
    ],
    "notes": "Creature"
  },
  {
    "name": "Time Warp",
    "sets": [
      "Tempest"
    ],
    "notes": "Extra turn"
  },
  {
    "name": "Underworld Dreams",
    "sets": [
      "Legends",
      "Foreign Black Border"
    ],
    "notes": "Win condition"
  },
  {
    "name": "Voidmage Prodigy",
    "sets": [
      "Onslaught"
    ],
    "notes": "Counterspell creature"
  },
  {
    "name": "Waterfront Bouncer",
    "sets": [
      "Mercadian Masques"
    ],
    "notes": "Bounce"
  },
  {
    "name": "Will-o'-the-Wisp",
    "sets": [
      "Beta",
      "Unlimited",
      "Foreign Black Border"
    ],
    "notes": "Creature"
  },
  {
    "name": "Word of Command",
    "sets": [
      "Beta",
      "Unlimited"
    ],
    "notes": "Control"
  },
  {
    "name": "Yavimaya Hollow",
    "sets": [
      "Urza's Destiny"
    ],
    "notes": "Utility land"
  },
  {
    "name": "Wild Mongrel",
    "sets": [
      "Odyssey"
    ],
    "notes": "Madness enabler"
  },
  {
    "name": "Circular Logic",
    "sets": [
      "Torment"
    ],
    "notes": "Madness counterspell"
  },
  {
    "name": "Wonder",
    "sets": [
      "Judgment"
    ],
    "notes": "Graveyard utility"
  },
  {
    "name": "Deep Analysis",
    "sets": [
      "Torment"
    ],
    "notes": "Flashback draw"
  },
  {
    "name": "Aquamoeba",
    "sets": [
      "Torment"
    ],
    "notes": "Discard outlet"
  },
  {
    "name": "Basking Rootwalla",
    "sets": [
      "Torment"
    ],
    "notes": "Madness creature"
  },
  {
    "name": "Arrogant Wurm",
    "sets": [
      "Torment"
    ],
    "notes": "Madness creature"
  },
  {
    "name": "Genesis",
    "sets": [
      "Judgment"
    ],
    "notes": "Graveyard recursion"
  },
  {
    "name": "Upheaval",
    "sets": [
      "Odyssey"
    ],
    "notes": "Psychatog combo"
  },
  {
    "name": "Cephalid Coliseum",
    "sets": [
      "Odyssey"
    ],
    "notes": "Threshold land"
  },
  {
    "name": "Shadowmage Infiltrator",
    "sets": [
      "Odyssey"
    ],
    "notes": "Card advantage"
  },
  {
    "name": "Swords to Plowshares",
    "sets": [
      "Beta",
      "Unlimited",
      "Foreign Black Border"
    ],
    "notes": "Removal"
  },
  {
    "name": "Balance",
    "sets": [
      "Beta",
      "Unlimited",
      "Foreign Black Border"
    ],
    "notes": "Board wipe"
  },
  {
    "name": "The Abyss",
    "sets": [
      "Legends",
      "Foreign Black Border"
    ],
    "notes": "Control enchantment"
  },
  {
    "name": "Moat",
    "sets": [
      "Legends",
      "Foreign Black Border"
    ],
    "notes": "Control enchantment"
  },
  {
    "name": "Jayemdae Tome",
    "sets": [
      "Beta",
      "Unlimited",
      "Foreign Black Border"
    ],
    "notes": "Card draw"
  },
  {
    "name": "Fellwar Stone",
    "sets": [
      "The Dark",
      "Foreign Black Border"
    ],
    "notes": "Mana rock"
  },
  {
    "name": "City of Brass",
    "sets": [
      "Arabian Nights",
      "Foreign Black Border"
    ],
    "notes": "Mana fixing"
  },
  {
    "name": "Mana Drain",
    "sets": [
      "Legends",
      "Foreign Black Border"
    ],
    "notes": "Counterspell"
  },
  {
    "name": "Hypnotic Specter",
    "sets": [
      "Beta",
      "Unlimited",
      "Foreign Black Border"
    ],
    "notes": "Hand disruption"
  },
  {
    "name": "Serra Angel",
    "sets": [
      "Beta",
      "Unlimited",
      "Foreign Black Border"
    ],
    "notes": "Win condition"
  },
  {
    "name": "Disenchant",
    "sets": [
      "Beta",
      "Unlimited",
      "Foreign Black Border"
    ],
    "notes": "Artifact/Enchantment removal"
  },
  {
    "name": "Recall",
    "sets": [
      "Legends",
      "Foreign Black Border"
    ],
    "notes": "Regrow effect"
  },
  {
    "name": "Mirror Universe",
    "sets": [
      "Legends",
      "Foreign Black Border"
    ],
    "notes": "Combo/Win condition"
  },
  {
    "name": "Lightning Bolt",
    "sets": [
      "Beta",
      "Unlimited",
      "Foreign Black Border"
    ],
    "notes": "UR Old School - iconic burn spell"
  },
  {
    "name": "Chain Lightning",
    "sets": [
      "Legends",
      "Foreign Black Border"
    ],
    "notes": "UR Old School - efficient burn"
  },
  {
    "name": "Psionic Blast",
    "sets": [
      "Beta",
      "Unlimited"
    ],
    "notes": "UR Old School - blue burn spell"
  },
  {
    "name": "Blood Moon",
    "sets": [
      "The Dark",
      "Foreign Black Border"
    ],
    "notes": "UR Old School - mana disruption"
  },
  {
    "name": "Volcanic Island",
    "sets": [
      "Beta",
      "Unlimited",
      "Revised",
      "Foreign Black Border"
    ],
    "notes": "Dual land"
  },
  {
    "name": "Wheel of Fortune",
    "sets": [
      "Beta",
      "Unlimited",
      "Foreign Black Border"
    ],
    "notes": "UR Old School - card draw"
  },
  {
    "name": "Fork",
    "sets": [
      "Beta",
      "Unlimited",
      "Foreign Black Border"
    ],
    "notes": "UR Old School - spell copy"
  },
  {
    "name": "Fireball",
    "sets": [
      "Beta",
      "Unlimited",
      "Foreign Black Border"
    ],
    "notes": "UR Old School - scalable burn"
  },
  {
    "name": "Shatter",
    "sets": [
      "Beta",
      "Unlimited",
      "Foreign Black Border"
    ],
    "notes": "Red artifact destruction"
  },
  {
    "name": "Shivan Dragon",
    "sets": [
      "Beta",
      "Unlimited",
      "Foreign Black Border"
    ],
    "notes": "UR Old School - iconic finisher"
  },
  {
    "name": "Control Magic",
    "sets": [
      "Beta",
      "Unlimited",
      "Foreign Black Border"
    ],
    "notes": "UR Old School - creature steal"
  },
  {
    "name": "Mishra's Factory",
    "sets": [
      "Antiquities",
      "Foreign Black Border"
    ],
    "notes": "UR Old School - creature land"
  },
  {
    "name": "Black Vise",
    "sets": [
      "Beta",
      "Unlimited",
      "Antiquities",
      "Foreign Black Border"
    ],
    "notes": "UR Old School - hand punishment"
  },
  {
    "name": "Disrupting Scepter",
    "sets": [
      "Beta",
      "Unlimited",
      "Foreign Black Border"
    ],
    "notes": "UR Old School - hand disruption"
  },
  {
    "name": "Power Sink",
    "sets": [
      "Beta",
      "Unlimited",
      "Foreign Black Border"
    ],
    "notes": "UR Old School - mana drain counter"
  },
  {
    "name": "Red Elemental Blast",
    "sets": [
      "Beta",
      "Unlimited",
      "Foreign Black Border"
    ],
    "notes": "UR Old School - anti-blue"
  },
  {
    "name": "Blue Elemental Blast",
    "sets": [
      "Beta",
      "Unlimited",
      "Foreign Black Border"
    ],
    "notes": "UR Old School - anti-red"
  },
  {
    "name": "Atog",
    "sets": [
      "Antiquities"
    ],
    "notes": "UR Old School - artifact synergy creature"
  },
  {
    "name": "Flying Men",
    "sets": [
      "Arabian Nights"
    ],
    "notes": "UR Old School - aggressive 1-drop"
  },
  {
    "name": "Granite Gargoyle",
    "sets": [
      "Beta",
      "Unlimited"
    ],
    "notes": "UR Old School - regenerating flyer"
  },
  {
    "name": "Ancestral Recall",
    "sets": [
      "Unlimited",
      "Collectors' Edition",
      "International Edition"
    ],
    "notes": "Power nine - draw"
  },
  {
    "name": "Time Walk",
    "sets": [
      "Unlimited",
      "Collectors' Edition",
      "International Edition"
    ],
    "notes": "Power nine - extra turn"
  },
  {
    "name": "Timetwister",
    "sets": [
      "Unlimited",
      "Collectors' Edition",
      "International Edition"
    ],
    "notes": "Power nine - wheel"
  },
  {
    "name": "Mox Ruby",
    "sets": [
      "Unlimited",
      "Collectors' Edition",
      "International Edition"
    ],
    "notes": "Power nine - red mana"
  },
  {
    "name": "Mox Sapphire",
    "sets": [
      "Unlimited",
      "Collectors' Edition",
      "International Edition"
    ],
    "notes": "Power nine - blue mana"
  },
  {
    "name": "Mox Pearl",
    "sets": [
      "Unlimited",
      "Collectors' Edition",
      "International Edition"
    ],
    "notes": "Power nine - white mana"
  },
  {
    "name": "Mox Emerald",
    "sets": [
      "Unlimited",
      "Collectors' Edition",
      "International Edition"
    ],
    "notes": "Power nine - green mana"
  },
  {
    "name": "Black Lotus",
    "sets": [
      "Unlimited",
      "Collectors' Edition",
      "International Edition"
    ],
    "notes": "Power nine - ultimate fast mana"
  },
  {
    "name": "Grim Lavamancer",
    "sets": [
      "Torment"
    ],
    "notes": "RG Zoo Premodern - repeatable burn"
  },
  {
    "name": "Jackal Pup",
    "sets": [
      "Tempest"
    ],
    "notes": "RG Zoo Premodern - aggressive 1-drop"
  },
  {
    "name": "Mogg Fanatic",
    "sets": [
      "Tempest"
    ],
    "notes": "RG Zoo Premodern - sacrifice burn"
  },
  {
    "name": "River Boa",
    "sets": [
      "Visions"
    ],
    "notes": "RG Zoo Premodern - regenerating islandwalk"
  },
  {
    "name": "Skyshroud Elite",
    "sets": [
      "Exodus"
    ],
    "notes": "RG Zoo Premodern - grows vs nonbasics"
  },
  {
    "name": "Flametongue Kavu",
    "sets": [
      "Planeshift"
    ],
    "notes": "RG Zoo Premodern - creature + removal"
  },
  {
    "name": "Ravenous Baloth",
    "sets": [
      "Onslaught"
    ],
    "notes": "RG Zoo Premodern - beefy lifegain"
  },
  {
    "name": "Incinerate",
    "sets": [
      "Ice Age"
    ],
    "notes": "RG Zoo Premodern - instant burn"
  },
  {
    "name": "Fireblast",
    "sets": [
      "Visions"
    ],
    "notes": "RG Zoo Premodern - free finisher"
  },
  {
    "name": "Seal of Fire",
    "sets": [
      "Nemesis"
    ],
    "notes": "RG Zoo Premodern - enchantment burn"
  },
  {
    "name": "Flame Rift",
    "sets": [
      "Nemesis"
    ],
    "notes": "RG Zoo Premodern - efficient burn"
  },
  {
    "name": "Call of the Herd",
    "sets": [
      "Odyssey"
    ],
    "notes": "RG Zoo Premodern - flashback creature"
  },
  {
    "name": "Rancor",
    "sets": [
      "Urza's Legacy"
    ],
    "notes": "RG Zoo Premodern - recurring pump"
  },
  {
    "name": "Hull Breach",
    "sets": [
      "Apocalypse"
    ],
    "notes": "RG Zoo Premodern - versatile removal"
  },
  {
    "name": "Naturalize",
    "sets": [
      "Onslaught"
    ],
    "notes": "RG Zoo Premodern - artifact/enchant hate"
  },
  {
    "name": "Pyroblast",
    "sets": [
      "Ice Age"
    ],
    "notes": "RG Zoo Premodern - anti-blue"
  },
  {
    "name": "Cursed Scroll",
    "sets": [
      "Tempest"
    ],
    "notes": "RG Zoo Premodern - repeatable damage"
  },
  {
    "name": "Karplusan Forest",
    "sets": [
      "Ice Age"
    ],
    "notes": "Pain land - RG"
  },
  {
    "name": "Wooded Foothills",
    "sets": [
      "Onslaught"
    ],
    "notes": "Fetch land - RG"
  },
  {
    "name": "Treetop Village",
    "sets": [
      "Urza's Legacy"
    ],
    "notes": "RG Zoo Premodern - creature land"
  },
  {
    "name": "Wasteland",
    "sets": [
      "Tempest"
    ],
    "notes": "RG Zoo Premodern - land destruction"
  },
  {
    "name": "Taiga",
    "sets": [
      "Beta",
      "Unlimited",
      "Revised",
      "Foreign Black Border"
    ],
    "notes": "Dual land - RG"
  },
  {
    "name": "Tormod's Crypt",
    "sets": [
      "The Dark",
      "Foreign Black Border"
    ],
    "notes": "RG Zoo Premodern - graveyard hate"
  },
  {
    "name": "Phyrexian Furnace",
    "sets": [
      "Weatherlight"
    ],
    "notes": "RG Zoo Premodern - graveyard hate"
  },
  {
    "name": "Carpet of Flowers",
    "sets": [
      "Urza's Saga"
    ],
    "notes": "RG Zoo Premodern - anti-blue ramp"
  },
  {
    "name": "Kird Ape",
    "sets": [
      "Arabian Nights",
      "Foreign Black Border"
    ],
    "notes": "RG Zoo Premodern - classic 2/3 for 1"
  },
  {
    "name": "Quirion Ranger",
    "sets": [
      "Visions"
    ],
    "notes": "RG Zoo Premodern - mana tricks"
  },
  {
    "name": "Elvish Lyrist",
    "sets": [
      "Urza's Saga"
    ],
    "notes": "RG Zoo Premodern - enchantment hate on a stick"
  },
  {
    "name": "Llanowar Elves",
    "sets": [
      "Beta",
      "Unlimited",
      "Foreign Black Border"
    ],
    "notes": "RG Zoo Premodern - classic mana dork"
  },
  {
    "name": "Fyndhorn Elves",
    "sets": [
      "Ice Age"
    ],
    "notes": "RG Zoo Premodern - mana dork"
  },
  {
    "name": "Tundra",
    "sets": [
      "Beta",
      "Unlimited",
      "Revised",
      "Foreign Black Border"
    ],
    "notes": "Dual land - WU"
  },
  {
    "name": "Tropical Island",
    "sets": [
      "Beta",
      "Unlimited",
      "Revised",
      "Foreign Black Border"
    ],
    "notes": "Dual land - GU"
  },
  {
    "name": "Savannah",
    "sets": [
      "Beta",
      "Unlimited",
      "Revised",
      "Foreign Black Border"
    ],
    "notes": "Dual land - GW"
  },
  {
    "name": "Scrubland",
    "sets": [
      "Beta",
      "Unlimited",
      "Revised",
      "Foreign Black Border"
    ],
    "notes": "Dual land - WB"
  },
  {
    "name": "Badlands",
    "sets": [
      "Beta",
      "Unlimited",
      "Revised",
      "Foreign Black Border"
    ],
    "notes": "Dual land - BR"
  },
  {
    "name": "Plateau",
    "sets": [
      "Beta",
      "Unlimited",
      "Revised",
      "Foreign Black Border"
    ],
    "notes": "Dual land - RW"
  },
  {
    "name": "Sulfurous Springs",
    "sets": [
      "Ice Age"
    ],
    "notes": "Pain land - BR"
  },
  {
    "name": "Adarkar Wastes",
    "sets": [
      "Ice Age"
    ],
    "notes": "Pain land - WU"
  },
  {
    "name": "Brushland",
    "sets": [
      "Ice Age"
    ],
    "notes": "Pain land - GW"
  },
  {
    "name": "Caves of Koilos",
    "sets": [
      "Apocalypse"
    ],
    "notes": "Pain land - WB"
  },
  {
    "name": "Llanowar Wastes",
    "sets": [
      "Apocalypse"
    ],
    "notes": "Pain land - BG"
  },
  {
    "name": "Battlefield Forge",
    "sets": [
      "Apocalypse"
    ],
    "notes": "Pain land - RW"
  },
  {
    "name": "Shivan Reef",
    "sets": [
      "Apocalypse"
    ],
    "notes": "Pain land - UR"
  },
  {
    "name": "Yavimaya Coast",
    "sets": [
      "Apocalypse"
    ],
    "notes": "Pain land - GU"
  },
  {
    "name": "Polluted Delta",
    "sets": [
      "Onslaught"
    ],
    "notes": "Fetch land - UB"
  },
  {
    "name": "Flooded Strand",
    "sets": [
      "Onslaught"
    ],
    "notes": "Fetch land - WU"
  },
  {
    "name": "Bloodstained Mire",
    "sets": [
      "Onslaught"
    ],
    "notes": "Fetch land - BR"
  },
  {
    "name": "Windswept Heath",
    "sets": [
      "Onslaught"
    ],
    "notes": "Fetch land - GW"
  }
]
